Latitude,Longitude,Year,Landslide,Rainfall_mm,Soil_Saturation,Earthquake_Activity,Elevation,Slope_Angle,Vegetation_Cover,Proximity_to_Water,Aspect,Soil_Type_Crystalline_Rock,Soil_Type_Forest_Loam,Soil_Type_Laterite
9.56,77.44,2023,0,2.6592,0.5609,5.2,1294.0,4.6483,0.596,4.3717,324.03,False,True,False
9.31175,76.87372,2019,1,4.2942,0.9822,5.2,128.0,0.7226,0.7742,0.5315,303.96,False,False,True
10.84,77.04,2013,0,3.0498,0.6682,5.2,360.0,0.3162,0.6593,1.2956,323.55,False,False,True
9.25915,76.91532,2018,1,4.4406,1.0,5.2,283.0,1.1032,0.6553,1.042,330.25,False,False,True
9.71,76.96,2018,1,3.272,0.8307,5.2,980.0,0.2452,0.7105,3.3375,306.35,False,True,False
10.28,76.48,2020,0,3.1077,0.6244,5.2,269.0,1.2644,0.6788,0.9958,279.62,False,False,True
10.36,76.4,2009,0,3.0691,0.632,5.2,32.0,1.0645,0.4277,0.2153,298.74,False,False,True
11.43688,75.88009,2019,1,5.0296,0.9817,5.2,54.0,31.0538,0.4667,0.2877,236.4,False,False,True
12.2,76.16,2019,0,3.4699,0.7651,5.2,800.0,0.2387,0.52,2.7447,284.8,False,True,False
12.28,77.04,2010,0,3.3959,0.7375,5.2,660.0,0.1484,0.7099,2.2836,334.4,False,True,False
10.85582,76.59885,2018,1,4.3818,0.9923,5.2,142.0,0.3033,0.6407,0.5776,314.32,False,False,True
10.52,76.56,2017,0,3.5485,0.7257,5.2,78.0,0.0581,0.4128,0.3668,275.85,False,False,True
9.4,76.32,2019,0,2.9104,0.572,5.2,0.0,0.0,0.4896,0.1099,280.14,False,False,True
11.16,77.52,2015,0,2.8101,0.5829,5.2,252.0,0.3871,0.6909,0.9399,370.46,False,False,True
11.42805,75.88688,2019,1,4.6359,0.9606,5.2,53.0,0.071,0.3705,0.2844,247.42,False,False,True
11.61663,76.114,2018,1,4.6682,1.0,5.2,1814.5,0.7194,0.7916,6.086,261.19,True,False,False
10.49871,76.49335,2018,1,4.4249,0.9631,5.2,625.0,3.4221,0.6385,2.1683,317.85,False,True,False
10.52,76.8,2011,0,3.1211,0.6391,5.2,584.0,2.5083,0.8328,2.0333,325.13,False,False,True
9.56,76.08,2011,0,3.5805,0.7491,5.2,0.0,0.0,0.3424,0.1099,270.54,False,False,True
11.20571,76.17807,2019,1,5.0349,0.9775,5.2,145.0,0.5678,0.7607,0.5874,299.44,False,False,True
9.95337,77.01947,2021,1,3.7473,0.8939,5.2,808.0,4.4431,0.6713,2.7711,357.02,False,True,False
11.60464,76.11602,2018,1,4.1586,0.9077,5.2,1881.1,0.2529,0.6538,6.3054,250.32,True,False,False
9.96,76.96,2017,0,3.2259,0.6401,5.2,240.0,8.0632,0.6021,0.9003,339.63,False,False,True
10.19997,77.10489,2018,1,4.3128,0.9889,5.2,1808.0,1.2064,0.582,6.0646,344.74,True,False,False
9.32,77.04,2019,0,2.7344,0.6053,5.2,150.0,0.7033,0.7957,0.6039,328.62,False,False,True
12.28,76.08,2009,0,4.0059,0.8584,5.2,913.0,0.2452,0.6484,3.1169,280.68,False,True,False
11.85,75.86,2021,1,4.6797,0.9889,5.2,786.0,4.1095,0.828,2.6986,249.18,False,True,False
10.77984,76.67692,2019,1,4.345,1.0,5.2,94.0,0.0387,0.4993,0.4195,306.33,False,False,True
11.59423,76.08358,2018,1,5.0184,0.9896,5.2,1978.1,0.8787,0.6415,6.6248,296.57,True,False,False
11.4333,75.89022,2019,1,5.1848,0.9851,5.2,43.0,0.1549,0.3738,0.2515,249.58,False,False,True
11.22185,76.17401,2019,1,4.2697,0.9736,5.2,1803.1,10.4581,0.7951,6.0485,283.5,True,False,False
11.49608,76.06798,2009,1,4.0254,0.9811,5.2,1834.9,0.1349,0.6649,6.1532,289.23,True,False,False
11.905,75.815,2019,1,4.4694,0.9868,5.2,102.0,25.6303,0.7652,0.4458,232.0,False,False,True
10.30126,76.89413,2020,1,3.6943,0.9064,5.2,1041.0,2.8946,0.7219,3.5385,295.42,False,True,False
9.0,76.96,2019,0,3.301,0.6782,5.2,52.0,0.1742,0.2928,0.2811,330.8,False,False,True
10.15563,77.07865,2019,1,3.5287,0.8282,5.2,1951.0,1.4321,0.5962,6.5356,313.49,True,False,False
10.77497,76.66903,2019,1,4.4083,1.0,5.2,95.0,0.1484,0.3023,0.4228,317.26,False,False,True
11.61722,76.11139,2024,1,4.6574,0.9755,5.2,1908.9,0.1103,0.6423,6.3969,288.24,True,False,False
11.575,76.068,2019,1,4.5817,0.9732,5.2,1911.7,0.4504,0.5455,6.4061,298.24,True,False,False
10.17399,76.78098,2019,1,4.1395,0.9918,5.2,192.0,0.4129,0.61,0.7422,312.98,False,False,True
9.70323,76.9702,2018,1,3.1362,0.6941,5.2,902.0,0.7484,0.58,3.0807,331.77,False,True,False
10.03944,77.03417,2018,1,3.8933,0.9621,5.2,1078.0,3.1455,0.6834,3.6603,323.96,False,True,False
11.72,76.24,2019,0,3.4717,0.7644,5.2,982.0,1.1677,0.7571,3.3441,304.77,False,True,False
9.80451,76.97833,2019,1,4.0932,0.9069,5.2,936.0,0.6323,0.5912,3.1926,316.52,False,True,False
11.08,76.72,2009,0,3.7476,0.7965,5.2,883.0,2.1927,0.6952,3.0181,321.85,False,True,False
12.44,77.2,2014,0,3.391,0.6865,5.2,608.0,47.9595,0.76,2.1124,349.11,False,True,False
12.2,76.32,2011,0,3.9483,0.8646,5.2,763.0,0.0839,0.6074,2.6228,273.75,False,True,False
10.18105,76.77651,2019,1,4.2905,0.965,5.2,247.0,4.0774,0.65,0.9234,284.78,False,False,True
9.8,76.98,2019,1,4.3012,0.9766,5.2,1018.0,1.1612,0.7299,3.4627,307.54,False,True,False
9.4,76.16,2019,0,3.2183,0.6636,5.2,0.0,0.0,0.2796,0.1099,304.95,False,False,True
12.28,76.32,2014,0,4.0572,0.8725,5.2,776.0,0.0839,0.7508,2.6657,289.79,False,True,False
9.24,76.0,2015,0,2.9077,0.6253,5.2,0.0,0.0,0.4023,0.1099,256.22,False,False,True
11.08,76.48,2013,0,3.6768,0.7349,5.2,914.0,6.1829,0.6136,3.1202,293.3,False,True,False
10.76,76.08,2018,0,3.8796,0.7841,5.2,14.0,0.0452,0.2504,0.156,272.39,False,False,True
11.4,77.12,2016,0,3.2963,0.7078,5.2,340.0,0.5678,0.8852,1.2297,308.25,False,False,True
10.2,76.08,2017,0,3.3368,0.7262,5.2,0.0,0.0,0.2448,0.1099,302.74,False,False,True
9.72,77.52,2017,0,3.0408,0.6492,5.2,409.0,0.2065,0.7759,1.4569,363.86,False,False,True
9.26,76.91,2018,1,3.873,1.0,5.2,93.0,0.1226,0.2052,0.4162,334.96,False,False,True
12.04,77.12,2009,0,3.3194,0.7289,5.2,716.0,0.0968,0.8898,2.4681,319.15,False,True,False
9.64,76.64,2012,0,3.5763,0.7852,5.2,85.0,0.3807,0.376,0.3898,299.17,False,False,True
9.9593,77.02599,2021,1,3.5072,0.8704,5.2,639.0,5.5253,0.89,2.2145,331.92,False,True,False
11.58131,76.05943,2019,1,4.2136,0.9268,5.2,1838.1,0.0245,0.6984,6.1637,267.98,True,False,False
10.85645,76.5918,2018,1,4.1865,0.9634,5.2,112.0,0.1097,0.8208,0.4788,280.88,False,False,True
9.63196,76.98465,2021,1,3.6623,0.881,5.2,1124.0,1.3805,0.5401,3.8118,308.99,False,True,False
11.43817,75.88656,2019,1,4.7039,0.9922,5.2,64.0,34.2908,0.3423,0.3207,235.89,False,False,True
10.855,76.595,2018,1,4.0072,0.9202,5.2,120.0,0.1613,0.7831,0.5051,297.45,False,False,True
11.0,76.72,2021,0,3.7336,0.7582,5.2,783.0,0.6452,0.646,2.6887,311.31,False,True,False
11.62,76.11,2018,1,4.231,0.9524,5.2,1914.1,0.0768,0.7574,6.414,284.21,True,False,False
9.2985,76.87592,2019,1,4.1324,1.0,5.2,123.0,0.7549,0.8206,0.515,296.46,False,False,True
9.64,76.88,2021,0,2.873,0.6288,5.2,280.0,4.4816,0.6022,1.0321,308.74,False,False,True
10.79845,76.64569,2018,1,3.7844,0.9173,5.2,81.0,0.2774,0.232,0.3767,329.27,False,False,True
11.3769,75.92194,2018,1,3.7472,0.923,5.2,92.0,0.3033,0.24,0.4129,272.53,False,False,True
10.0714,77.01627,2018,1,4.1075,1.0,5.2,1586.0,0.7226,0.5507,5.3334,344.74,True,False,False
9.48,76.56,2017,0,2.8485,0.5858,5.2,18.0,0.1097,0.2361,0.1692,325.21,False,False,True
10.04,76.88,2009,0,2.8281,0.5975,5.2,664.0,1.4192,0.6262,2.2968,294.22,False,True,False
11.38,75.92,2018,1,4.9642,1.0,5.2,83.0,0.2452,0.2774,0.3832,258.26,False,False,True
11.0,76.24,2010,0,3.1184,0.652,5.2,125.0,0.5097,0.749,0.5216,311.77,False,False,True
11.59813,76.12555,2018,1,4.9474,1.0,5.2,1916.1,0.4787,0.7479,6.4206,254.88,True,False,False
10.28,76.64,2018,0,3.6652,0.799,5.2,390.0,0.6065,0.6387,1.3944,329.8,False,False,True
9.89863,77.044,2018,1,4.0335,0.9239,5.2,883.0,1.2064,0.6374,3.0181,346.71,False,True,False
9.96,77.12,2013,0,3.4896,0.7351,5.2,1008.0,3.3642,0.7476,3.4298,359.75,False,True,False
10.2,76.32,2020,0,3.0413,0.6306,5.2,13.0,0.0065,0.4617,0.1527,283.45,False,False,True
11.56,77.44,2009,0,3.4196,0.7387,5.2,256.0,5.5125,0.8807,0.953,348.33,False,False,True
10.28,77.6,2021,0,2.8638,0.5983,5.2,1315.0,1.5611,0.76,4.4409,345.36,False,True,False
11.21858,76.17496,2019,1,4.3217,0.9643,5.2,1762.6,10.2052,0.7323,5.9151,272.58,True,False,False
9.64,77.6,2020,0,2.7304,0.6026,5.2,169.0,5.1287,0.671,0.6665,366.36,False,False,True
11.39673,75.91146,2018,1,4.4538,0.969,5.2,30.0,0.0968,0.3932,0.2087,273.97,False,False,True
11.88,76.56,2021,0,3.2116,0.6883,5.2,951.0,1.0903,0.6618,3.242,289.25,False,True,False
9.56,77.36,2011,0,2.7695,0.6051,5.2,1490.0,0.3613,0.7208,5.0172,349.64,False,True,False
10.04,77.28,2021,0,2.8283,0.586,5.2,1094.0,7.9304,0.7415,3.713,337.86,False,True,False
11.35,76.2,2018,1,3.7752,0.9757,5.2,164.0,6.3614,0.6428,0.65,271.49,False,False,True
11.22508,76.17081,2019,1,3.5794,0.8178,5.2,1879.2,10.9322,0.6381,6.2991,290.23,True,False,False
10.84,76.88,2010,0,3.1463,0.644,5.2,223.0,2.6564,0.7685,0.8443,321.57,False,False,True
10.12,76.4,2018,0,3.5861,0.7373,5.2,12.0,0.0323,0.4881,0.1494,301.49,False,False,True
10.28,76.0,2015,0,3.6944,0.7764,5.2,0.0,0.0,0.2268,0.1099,258.58,False,False,True
11.16,76.96,2018,0,3.1229,0.6626,5.2,422.0,0.3549,0.8555,1.4998,314.54,False,False,True
9.08,76.16,2015,0,3.2934,0.709,5.2,0.0,0.0,0.4687,0.1099,280.03,False,False,True
11.8,77.52,2019,0,3.6289,0.7501,5.2,784.0,0.1936,0.7658,2.692,374.74,False,True,False
9.16,77.04,2014,0,2.9205,0.6047,5.2,302.0,0.8065,0.6117,1.1045,343.73,False,False,True
9.96,76.56,2012,0,3.0312,0.6659,5.2,17.0,0.2258,0.2059,0.1659,291.26,False,False,True
10.44,77.44,2017,0,3.1075,0.6579,5.2,325.0,0.071,0.707,1.1803,378.69,False,False,True
9.72,76.32,2010,0,3.6042,0.7483,5.2,11.0,0.0323,0.4601,0.1461,270.47,False,False,True
9.62456,76.98804,2021,1,4.1217,0.9162,5.2,1422.0,3.2999,0.5641,4.7933,299.89,False,True,False
10.2,77.6,2013,0,2.8829,0.5968,5.2,378.0,6.0234,0.7639,1.3548,336.04,False,False,True
10.84,76.24,2009,0,3.8565,0.7959,5.2,39.0,0.6904,0.2168,0.2383,288.35,False,False,True
9.64,76.4,2014,0,3.3412,0.6953,5.2,0.0,0.0323,0.2432,0.1099,310.85,False,False,True
10.09351,77.06309,2013,1,4.0391,0.8757,5.2,1528.0,1.2967,0.5783,5.1424,349.35,True,False,False
11.24,76.64,2015,0,3.0845,0.6345,5.2,1495.0,3.6149,0.7531,5.0337,320.83,False,True,False
9.16,77.12,2011,0,3.012,0.6455,5.2,600.0,3.7627,0.7367,2.086,316.14,False,True,False
11.64,77.52,2009,0,3.41,0.7053,5.2,1066.0,0.3291,0.7972,3.6208,384.68,False,True,False
10.04,76.16,2018,0,3.3219,0.6665,5.2,0.0,0.0,0.4309,0.1099,278.59,False,False,True
11.495,76.073,2009,1,4.868,0.9979,5.2,1875.2,0.3949,0.525,6.2859,270.62,True,False,False
11.0,76.96,2021,0,3.304,0.7013,5.2,420.0,0.1742,0.6454,1.4932,320.43,False,False,True
9.62936,76.98672,2021,1,4.3141,1.0,5.2,1181.0,1.748,0.5597,3.9995,342.38,False,True,False
9.4,76.64,2017,0,3.2973,0.7077,5.2,13.0,0.271,0.2407,0.1527,332.04,False,False,True
9.62,77.0,2021,1,3.9824,0.886,5.2,1095.0,0.4323,0.7929,3.7163,319.82,False,True,False
11.61553,76.11149,2018,1,5.2331,0.9947,5.2,1824.2,0.1381,0.5578,6.1179,279.59,True,False,False
10.68,76.32,2017,0,3.3119,0.7233,5.2,77.0,0.0581,0.29,0.3635,300.08,False,False,True
11.65109,76.08379,2019,1,5.0095,1.0,5.2,1962.1,7.7347,0.6506,6.5721,250.04,True,False,False
11.8,77.44,2022,0,3.3205,0.7121,5.2,608.0,0.671,0.7686,2.1124,348.88,False,True,False
10.1945,77.1105,2018,1,4.4431,1.0,5.2,1506.0,3.152,0.606,5.0699,315.38,True,False,False
10.04,77.52,2017,0,3.2645,0.6466,5.2,298.0,0.0516,0.8857,1.0914,359.17,False,False,True
9.80805,76.97487,2019,1,4.3823,0.9508,5.2,839.0,1.1935,0.7079,2.8732,350.64,False,True,False
9.72,76.56,2016,0,3.0869,0.6823,5.2,10.0,0.129,0.3464,0.1428,288.51,False,False,True
11.64,77.28,2011,0,3.1188,0.6265,5.2,836.0,1.1806,0.6241,2.8633,327.81,False,True,False
9.08,76.24,2023,0,3.2325,0.7003,5.2,0.0,0.0,0.231,0.1099,307.99,False,False,True
9.88,76.24,2018,0,3.2459,0.6555,5.2,0.0,0.0581,0.3999,0.1099,265.13,False,False,True
11.37924,75.91626,2018,1,3.9926,1.0,5.2,124.0,0.5097,0.8603,0.5183,291.35,False,False,True
10.195,77.105,2018,1,3.5299,0.8101,5.2,1660.0,2.1605,0.5155,5.5772,333.38,True,False,False
9.32,76.0,2013,0,3.1297,0.6209,5.2,0.0,0.0,0.2202,0.1099,268.56,False,False,True
9.96,76.16,2010,0,3.3466,0.7023,5.2,0.0,0.0,0.2636,0.1099,265.07,False,False,True
11.48,76.24,2017,0,3.9266,0.8028,5.2,289.0,3.5249,0.6505,1.0617,281.3,False,False,True
10.52585,76.47158,2018,1,4.145,0.932,5.2,113.0,0.0581,0.6198,0.4821,268.85,False,False,True
9.64053,76.97479,2021,1,3.8046,0.8598,5.2,1004.0,0.6065,0.6173,3.4166,313.03,False,True,False
9.88,77.44,2013,0,3.3167,0.6965,5.2,348.0,0.2129,0.6745,1.256,377.64,False,False,True
11.45699,75.87022,2021,1,4.2168,1.0,5.2,65.0,54.5396,0.24,0.324,251.3,False,False,True
10.155,76.795,2018,1,4.2677,0.9183,5.2,191.0,0.8645,0.7736,0.7389,310.66,False,False,True
11.6,76.12,2018,1,4.7142,1.0,5.2,1903.3,0.3962,0.6251,6.3785,266.67,True,False,False
9.48,76.88,2014,0,3.295,0.6842,5.2,101.0,1.2451,0.8529,0.4425,346.35,False,False,True
9.88,77.04,2020,0,2.8594,0.5744,5.2,802.0,0.6839,0.702,2.7513,312.54,False,True,False
10.36,76.8,2014,0,2.9725,0.6288,5.2,762.0,1.3676,0.7541,2.6196,298.51,False,True,False
9.8,77.04,2019,0,2.8563,0.6251,5.2,1069.0,1.7158,0.6341,3.6307,302.48,False,True,False
11.0,76.16,2021,0,3.6794,0.789,5.2,87.0,0.0903,0.2154,0.3964,293.67,False,False,True
10.5,76.5,2018,1,4.3213,0.9717,5.2,274.0,1.0064,0.8509,1.0123,313.05,False,False,True
9.88,76.64,2011,0,3.5937,0.7318,5.2,43.0,0.0194,0.2524,0.2515,288.91,False,False,True
11.43,75.89,2019,1,4.5972,1.0,5.2,45.0,0.1226,0.3829,0.2581,282.21,False,False,True
9.89964,77.05369,2018,1,3.7756,0.8542,5.2,900.0,1.316,0.5277,3.0741,325.27,False,True,False
11.42,75.895,2019,1,4.9165,1.0,5.2,60.0,0.1097,0.3476,0.3075,292.76,False,False,True
11.4268,75.89656,2019,1,4.8414,0.9732,5.2,61.0,0.0194,0.2931,0.3108,246.22,False,False,True
11.2,76.185,2018,1,3.9263,0.9816,5.2,35.0,11.7324,0.4662,0.2252,255.77,False,False,True
9.30132,76.88686,2019,1,4.0549,1.0,5.2,130.0,0.7097,0.608,0.538,319.31,False,False,True
10.14954,76.79517,2018,1,4.3518,0.9832,5.2,332.0,0.0452,0.8344,1.2033,289.19,False,False,True
11.38951,75.91624,2018,1,3.9727,1.0,5.2,40.0,0.0323,0.3732,0.2416,273.58,False,False,True
9.0,76.4,2019,0,2.9315,0.5966,5.2,0.0,0.0,0.244,0.1099,312.63,False,False,True
10.305,76.895,2020,1,3.9895,0.8716,5.2,1044.0,2.9139,0.5192,3.5483,300.36,False,True,False
9.64,77.36,2011,0,2.6949,0.5473,5.2,1546.0,6.2212,0.7439,5.2017,334.59,True,False,False
9.8,76.8,2022,0,3.2286,0.6654,5.2,670.0,2.3988,0.7127,2.3166,316.6,False,True,False
11.87535,75.85098,2018,1,5.5105,0.982,5.2,176.0,0.4065,0.8609,0.6895,261.87,False,False,True
11.24,77.12,2021,0,3.1275,0.6891,5.2,373.0,0.1549,0.6623,1.3384,318.4,False,False,True
10.78359,76.67171,2019,1,3.4317,0.8552,5.2,92.0,0.0645,0.3917,0.4129,299.51,False,False,True
10.2,77.1,2018,1,4.4061,0.9756,5.2,1729.0,1.7158,0.5963,5.8044,316.01,True,False,False
9.9506,77.0264,2021,1,3.7942,0.912,5.2,746.0,4.8405,0.8834,2.5669,349.45,False,True,False
10.2,76.64,2014,0,3.6345,0.749,5.2,443.0,0.342,0.7555,1.5689,305.12,False,False,True
11.56,76.88,2014,0,3.1727,0.7018,5.2,481.0,2.7916,0.7746,1.6941,308.97,False,False,True
10.76,77.44,2015,0,3.1661,0.6841,5.2,284.0,0.129,0.6747,1.0452,343.03,False,False,True
10.76,76.32,2023,0,3.2765,0.6932,5.2,68.0,0.0774,0.3875,0.3338,269.32,False,False,True
9.24,76.56,2012,0,3.176,0.641,5.2,20.0,0.1226,0.4342,0.1758,296.16,False,False,True
10.76,77.36,2012,0,3.3804,0.6986,5.2,293.0,0.1419,0.6904,1.0749,318.76,False,False,True
10.09081,77.06618,2013,1,4.4644,1.0,5.2,1535.0,1.2515,0.6295,5.1655,321.27,True,False,False
10.85006,76.59613,2018,1,3.9077,0.8607,5.2,114.0,0.1226,0.8131,0.4853,312.06,False,False,True
11.48,76.64,2021,0,3.3096,0.6774,5.2,2059.0,7.0742,0.2936,6.8913,315.74,True,False,False
10.52,77.12,2020,0,2.854,0.6078,5.2,335.0,0.3162,0.8226,1.2132,310.79,False,False,True
11.45125,75.867,2021,1,4.6282,0.9881,5.2,54.0,29.4388,0.3636,0.2877,262.4,False,False,True
11.58691,76.08671,2018,1,4.9186,1.0,5.2,1900.9,0.3807,0.5499,6.3706,286.53,True,False,False
11.56925,76.06508,2019,1,3.8904,0.92,5.2,1866.0,0.1555,0.7653,6.2556,263.94,True,False,False
9.7,76.97,2018,1,4.0947,1.0,5.2,910.0,0.6968,0.5951,3.107,299.54,False,True,False
9.62417,76.99931,2021,1,4.4244,1.0,5.2,1279.0,2.3795,0.7864,4.3223,306.99,False,True,False
9.3,76.88,2019,1,4.39,0.9864,5.2,112.0,0.8258,0.7049,0.4788,321.14,False,False,True
12.44,77.44,2010,0,3.5307,0.7487,5.2,649.0,48.9399,0.8421,2.2474,347.89,False,True,False
10.04,77.03,2018,1,3.2567,0.7663,5.2,1189.0,2.431,0.7085,4.0259,350.14,False,True,False
9.72,77.6,2023,0,3.0129,0.6223,5.2,966.0,3.2549,0.6477,3.2914,337.74,False,True,False
10.36,77.12,2016,0,3.0412,0.6369,5.2,2072.0,5.9852,0.3545,6.9341,357.83,True,False,False
9.25429,76.91124,2018,1,3.6895,0.9088,5.2,64.0,0.3097,0.3718,0.3207,303.57,False,False,True
11.61,76.115,2018,1,4.1643,0.918,5.2,1896.4,0.3516,0.5164,6.3557,294.93,True,False,False
9.94906,77.03398,2021,1,4.3548,1.0,5.2,830.0,4.302,0.5019,2.8435,302.61,False,True,False
9.24429,76.9197,2018,1,3.6591,0.8251,5.2,150.0,0.2452,0.827,0.6039,323.99,False,False,True
10.51501,76.49076,2018,1,3.8761,0.9094,5.2,173.0,0.4452,0.7317,0.6797,295.85,False,False,True
9.08,76.64,2018,0,3.2026,0.652,5.2,25.0,0.0968,0.3359,0.1922,330.45,False,False,True
9.24,77.52,2023,0,3.2898,0.6933,5.2,141.0,0.0129,0.8212,0.5743,370.48,False,False,True
11.0,77.2,2020,0,3.0678,0.6697,5.2,403.0,0.4323,0.6571,1.4372,336.82,False,False,True
9.16,76.72,2020,0,2.7782,0.5893,5.2,49.0,0.0452,0.4031,0.2713,326.98,False,False,True
11.64,76.4,2011,0,3.4413,0.7119,5.2,928.0,0.471,0.6802,3.1663,263.96,False,True,False
11.42414,75.89147,2019,1,3.8282,0.9449,5.2,73.0,0.1419,0.2469,0.3503,253.1,False,False,True
9.90818,77.03316,2018,1,4.2153,1.0,5.2,838.0,0.9161,0.633,2.8699,305.97,False,True,False
10.12,77.36,2017,0,3.1754,0.6539,5.2,1051.0,6.457,0.5217,3.5714,350.84,False,True,False
11.65443,76.07846,2019,1,4.6233,0.987,5.2,1854.4,7.0513,0.7593,6.2174,269.49,True,False,False
11.4,76.4,2010,0,3.513,0.7759,5.2,280.0,4.5072,0.7732,1.0321,270.88,False,False,True
11.16,76.32,2017,0,3.8577,0.8394,5.2,59.0,0.0968,0.2054,0.3042,295.29,False,False,True
12.2,77.28,2014,0,2.9839,0.664,5.2,643.0,0.6,0.738,2.2276,349.5,False,True,False
11.45608,75.86178,2021,1,4.7115,0.9767,5.2,78.0,31.2729,0.4075,0.3668,280.94,False,False,True
9.16,76.08,2012,0,3.3463,0.687,5.2,0.0,0.0,0.2592,0.1099,273.69,False,False,True
10.92,76.72,2009,0,3.4517,0.7369,5.2,891.0,0.6968,0.5468,3.0444,334.74,False,True,False
10.15663,76.8005,2018,1,3.9676,0.9146,5.2,52.0,1.8254,0.411,0.2811,315.25,False,False,True
10.04,76.4,2019,0,2.9652,0.6105,5.2,1.0,0.071,0.4841,0.1132,316.55,False,False,True
10.30378,76.89828,2020,1,3.7769,0.9558,5.2,1039.0,2.8817,0.7148,3.5319,327.68,False,True,False
11.72,77.36,2018,0,3.1645,0.639,5.2,723.0,0.0387,0.7188,2.4911,339.37,False,True,False
11.57676,76.07458,2019,1,4.6783,0.9667,5.2,1828.0,0.0897,0.6258,6.1305,271.18,True,False,False
11.58019,76.06674,2019,1,4.8302,1.0,5.2,1902.4,0.3904,0.6793,6.3755,279.0,True,False,False
10.6,76.4,2021,0,3.6518,0.7898,5.2,76.0,0.0903,0.2246,0.3602,311.73,False,False,True
10.10007,77.06129,2018,1,3.8798,0.8388,5.2,1556.0,1.1161,0.5418,5.2346,305.58,True,False,False
11.3868,75.9209,2018,1,4.6648,1.0,5.2,45.0,0.0,0.4424,0.2581,272.48,False,False,True
9.24,76.32,2013,0,3.0979,0.6497,5.2,0.0,0.0,0.2731,0.1099,276.87,False,False,True
11.0,77.52,2023,0,3.1118,0.6663,5.2,330.0,0.4258,0.6364,1.1967,365.54,False,False,True
11.41985,75.88941,2019,1,5.1713,1.0,5.2,63.0,0.129,0.2968,0.3174,244.14,False,False,True
10.28,76.32,2018,0,3.2213,0.6673,5.2,12.0,0.071,0.2298,0.1494,285.61,False,False,True
9.16,77.36,2016,0,2.8128,0.5606,5.2,489.0,1.7351,0.8497,1.7204,362.7,False,False,True
11.21058,76.1737,2019,1,4.3168,1.0,5.2,38.0,1.4192,0.3168,0.235,274.68,False,False,True
11.88414,75.83945,2018,1,4.6794,0.964,5.2,107.0,0.0323,0.7378,0.4623,235.68,False,False,True
11.58227,76.08044,2018,1,3.6457,0.8739,5.2,1921.5,0.5136,0.5682,6.4384,263.09,True,False,False
10.28,77.2,2011,0,3.1122,0.6462,5.2,1071.0,3.6663,0.6918,3.6373,315.55,False,True,False
10.2,76.72,2013,0,3.2747,0.7052,5.2,79.0,3.049,0.2219,0.3701,313.1,False,False,True
11.58967,76.07889,2018,1,4.4045,1.0,5.2,1913.2,0.46,0.7964,6.4111,277.05,True,False,False
11.87037,75.84572,2018,1,4.9428,0.9609,5.2,353.0,1.5482,0.6376,1.2725,246.35,False,False,True
11.45823,75.86646,2021,1,4.3997,1.0,5.2,67.0,39.0567,0.2878,0.3305,278.47,False,False,True
10.6,76.32,2009,0,3.3411,0.7142,5.2,243.0,1.0709,0.7479,0.9102,294.57,False,False,True
10.50316,76.4912,2018,1,4.9358,1.0,5.2,486.0,2.5341,0.612,1.7105,277.07,False,False,True
10.04,76.64,2009,0,3.2632,0.7203,5.2,57.0,0.2323,0.3452,0.2976,281.97,False,False,True
10.28,77.44,2011,0,2.7742,0.5879,5.2,1199.0,4.2122,0.7621,4.0588,363.48,False,True,False
11.63093,76.10039,2024,1,4.3722,0.9955,5.2,1814.0,0.0213,0.5913,6.0844,301.84,True,False,False
11.23447,76.16353,2019,1,4.4136,1.0,5.2,25.0,0.8968,0.2081,0.1922,281.9,False,False,True
10.50373,76.49938,2018,1,4.2073,1.0,5.2,428.0,2.1605,0.8923,1.5195,317.77,False,False,True
10.14476,76.79951,2018,1,4.6786,1.0,5.2,175.0,0.9677,0.6552,0.6862,294.26,False,False,True
9.3053,76.88137,2019,1,3.8691,0.8988,5.2,159.0,0.5226,0.8026,0.6336,344.23,False,False,True
9.90806,77.04346,2018,1,3.7871,0.9253,5.2,772.0,0.4904,0.89,2.6525,327.32,False,True,False
11.64,76.32,2018,0,3.7692,0.7736,5.2,850.0,0.2387,0.767,2.9094,313.45,False,True,False
11.63,76.098,2024,1,4.2814,1.0,5.2,1794.5,0.1071,0.7153,6.0201,291.36,True,False,False
11.49092,76.06555,2009,1,4.6219,1.0,5.2,1932.2,0.1639,0.7091,6.4737,278.02,True,False,False
11.41482,75.89548,2019,1,4.6451,1.0,5.2,72.0,0.1936,0.2545,0.347,247.04,False,False,True
11.0,77.36,2016,0,3.172,0.6337,5.2,377.0,0.3936,0.6317,1.3515,336.03,False,False,True
9.48,76.48,2012,0,3.2773,0.6835,5.2,-1.0,0.0194,0.217,0.1066,285.14,False,False,True
9.2944,76.88172,2019,1,3.4109,0.8075,5.2,83.0,0.1032,0.2823,0.3832,318.62,False,False,True
11.21194,76.17397,2019,1,4.8095,0.9772,5.2,1858.5,10.2171,0.5403,6.2309,267.95,True,False,False
10.6,76.24,2019,0,3.6495,0.7773,5.2,113.0,0.4968,0.6536,0.4821,260.27,False,False,True
9.90522,77.04045,2018,1,4.1593,0.9674,5.2,901.0,1.3225,0.7874,3.0774,344.97,False,True,False
12.28,76.56,2021,0,3.52,0.7255,5.2,751.0,0.3871,0.7002,2.5833,280.52,False,True,False
9.48,77.2,2016,0,2.9963,0.6402,5.2,1044.0,0.7613,0.5522,3.5483,310.26,False,True,False
11.88,76.32,2010,0,3.8436,0.7749,5.2,737.0,0.2839,0.8169,2.5372,276.19,False,True,False
10.6,77.6,2015,0,3.0149,0.6108,5.2,293.0,0.1936,0.6012,1.0749,335.08,False,False,True
10.80508,76.64141,2018,1,3.5288,0.7952,5.2,97.0,0.1742,0.4604,0.4294,321.24,False,False,True
11.4,77.2,2021,0,3.2927,0.6782,5.2,265.0,0.0516,0.7226,0.9827,345.53,False,False,True
11.57,76.07,2019,1,4.9076,1.0,5.2,1829.6,0.0794,0.6064,6.1357,252.24,True,False,False
11.59677,76.07429,2018,1,4.4798,1.0,5.2,1827.1,0.0955,0.5537,6.1275,291.59,True,False,False
11.625,76.103,2024,1,4.0344,0.9251,5.2,1882.9,0.129,0.7609,6.3113,257.77,True,False,False
9.56,77.6,2010,0,3.0604,0.6471,5.2,214.0,0.2903,0.6488,0.8147,373.22,False,False,True
11.48,76.4,2011,0,3.4336,0.6856,5.2,980.0,0.0839,0.6382,3.3375,272.78,False,True,False
9.8,76.64,2011,0,3.0451,0.6647,5.2,84.0,0.2645,0.3629,0.3865,277.87,False,False,True
10.785,76.665,2019,1,3.9208,1.0,5.2,84.0,0.0129,0.2837,0.3865,313.51,False,False,True
11.56,76.08,2010,0,3.6226,0.7824,5.2,894.0,6.093,0.7905,3.0543,287.3,False,True,False
11.20512,76.19397,2018,1,4.6517,1.0,5.2,18.0,11.8585,0.2836,0.1692,286.67,False,False,True
10.85,76.6,2018,1,4.4341,0.9755,5.2,124.0,0.1871,0.6772,0.5183,306.2,False,False,True
9.625,76.995,2021,1,3.5082,0.7823,5.2,1386.0,3.0683,0.6634,4.6747,333.65,False,True,False
12.44,76.0,2017,0,3.4779,0.6936,5.2,855.0,27.6012,0.6231,2.9259,258.89,False,True,False
10.68,76.4,2010,0,3.0399,0.6375,5.2,90.0,0.1161,0.2454,0.4063,309.84,False,False,True
9.9031,77.05185,2018,1,3.9045,0.9035,5.2,718.0,0.1419,0.8154,2.4746,312.33,False,True,False
9.24,77.04,2014,0,2.7711,0.5569,5.2,427.0,1.7867,0.6931,1.5162,326.0,False,False,True
11.59803,76.08004,2018,1,5.5996,1.0,5.2,1970.4,0.8291,0.6029,6.5995,265.6,True,False,False
11.24,77.52,2021,0,3.3929,0.677,5.2,312.0,0.2323,0.7357,1.1375,366.87,False,False,True
9.19366,76.95126,2020,1,3.7573,0.9134,5.2,153.0,0.0258,0.639,0.6138,340.22,False,False,True
10.12,76.32,2018,0,3.4853,0.7492,5.2,6.0,0.0452,0.2051,0.1296,283.43,False,False,True
10.30552,76.89151,2020,1,4.598,0.9675,5.2,1005.0,2.6629,0.7525,3.4199,301.76,False,True,False
9.7045,76.95948,2018,1,3.9657,0.9543,5.2,937.0,0.5226,0.6228,3.1959,321.9,False,True,False
10.20642,77.10081,2018,1,3.921,0.9431,5.2,1945.0,0.3226,0.6578,6.5158,357.87,True,False,False
11.64,77.6,2019,0,3.4228,0.7109,5.2,250.0,0.8516,0.6834,0.9333,348.91,False,False,True
12.2,76.4,2009,0,3.9952,0.832,5.2,709.0,0.4194,0.8506,2.445,269.81,False,True,False
11.8,76.0,2015,0,3.8567,0.8398,5.2,782.0,1.7093,0.8746,2.6854,291.4,False,True,False
10.14983,77.07518,2019,1,3.7008,0.9336,5.2,1761.0,0.2065,0.673,5.9098,355.59,True,False,False
9.16,77.52,2014,0,2.9435,0.5876,5.2,158.0,0.1097,0.6491,0.6303,383.24,False,False,True
10.36,76.0,2013,0,3.6323,0.766,5.2,0.0,0.0,0.3781,0.1099,279.05,False,False,True
10.12,76.48,2021,0,3.1417,0.6503,5.2,25.0,0.0065,0.2134,0.1922,268.48,False,False,True
10.17844,76.77639,2019,1,3.9485,0.9417,5.2,207.0,4.3341,0.6706,0.7916,302.26,False,False,True
9.88,77.28,2009,0,3.2973,0.6556,5.2,419.0,2.6371,0.6236,1.4899,351.25,False,False,True
10.81521,76.64024,2018,1,5.1898,1.0,5.2,96.0,0.1807,0.3878,0.4261,302.82,False,False,True
9.305,76.875,2019,1,4.0457,0.9184,5.2,100.0,0.9032,0.7877,0.4392,337.38,False,False,True
11.64,77.04,2009,0,3.4345,0.744,5.2,1139.0,1.7416,0.5839,3.8612,354.71,False,True,False
10.84355,76.59806,2018,1,3.7686,0.9539,5.2,94.0,0.0065,0.278,0.4195,315.8,False,False,True
11.62308,76.09988,2024,1,4.7234,1.0,5.2,1906.8,0.0252,0.6132,6.39,247.8,True,False,False
10.07,77.012,2018,1,4.551,0.9964,5.2,1563.0,0.5871,0.6615,5.2577,306.51,True,False,False
10.6,77.12,2016,0,3.0537,0.675,5.2,384.0,0.0194,0.7977,1.3746,324.29,False,False,True
11.89964,75.81693,2019,1,5.5394,1.0,5.2,97.0,38.3748,0.2306,0.4294,252.71,False,False,True
11.08,76.96,2022,0,3.7076,0.8129,5.2,447.0,0.1613,0.8759,1.5821,313.18,False,False,True
10.51,76.49,2018,1,4.1357,0.9804,5.2,362.0,1.6642,0.8735,1.3021,293.33,False,False,True
11.08,76.32,2015,0,3.7621,0.7816,5.2,72.0,0.0839,0.3662,0.347,285.0,False,False,True
12.36,76.32,2023,0,3.2253,0.6497,5.2,789.0,0.1936,0.7159,2.7085,313.3,False,True,False
11.38545,75.90967,2018,1,4.042,0.9466,5.2,53.0,0.0516,0.4303,0.2844,237.29,False,False,True
10.2,77.28,2010,0,2.8009,0.6028,5.2,2380.0,11.0864,0.2365,7.9485,335.42,True,False,False
9.8,76.96,2022,0,3.207,0.677,5.2,729.0,0.4839,0.7869,2.5109,315.75,False,True,False
10.55013,76.46397,2019,1,4.4089,1.0,5.2,87.0,0.129,0.3066,0.3964,287.14,False,False,True
12.2,76.72,2020,0,3.7241,0.7976,5.2,696.0,0.3162,0.8705,2.4022,309.02,False,True,False
10.44,77.28,2013,0,2.8408,0.5576,5.2,424.0,0.4,0.7632,1.5063,352.72,False,False,True
10.52,76.88,2010,0,2.9515,0.6234,5.2,332.0,0.5613,0.7016,1.2033,322.07,False,False,True
9.25,76.92,2018,1,4.2019,0.9905,5.2,149.0,0.2387,0.7639,0.6006,307.65,False,False,True
9.8,77.44,2013,0,3.3906,0.7477,5.2,423.0,0.4839,0.878,1.503,377.93,False,False,True
10.15677,77.07954,2019,1,4.1377,0.9197,5.2,1954.0,1.4514,0.795,6.5455,354.97,True,False,False
10.36,76.88,2010,0,3.34,0.7242,5.2,592.0,2.6371,0.8851,2.0597,304.93,False,False,True
10.92,77.28,2011,0,3.3471,0.7184,5.2,413.0,0.2581,0.876,1.4701,330.79,False,False,True
10.1949,77.09839,2018,1,4.3432,0.9987,5.2,1842.0,0.9871,0.7063,6.1766,353.35,True,False,False
11.58927,76.07844,2018,1,4.318,0.9294,5.2,1851.9,0.0645,0.5998,6.2092,245.38,True,False,False
10.05912,77.0231,2018,1,4.6896,1.0,5.2,1522.0,0.0516,0.5043,5.1226,297.64,True,False,False
11.43482,75.88051,2019,1,3.7218,0.8864,5.2,47.0,45.292,0.3556,0.2647,284.37,False,False,True
9.4,77.2,2009,0,3.1193,0.689,5.2,1240.0,1.2644,0.7448,4.1939,317.75,False,True,False
9.96,77.04,2010,0,3.4241,0.6929,5.2,790.0,4.5585,0.8041,2.7118,357.6,False,True,False
11.44688,75.87137,2021,1,5.0837,1.0,5.2,46.0,31.7737,0.2103,0.2614,240.49,False,False,True
10.84,77.52,2020,0,3.4879,0.718,5.2,282.0,0.0839,0.6066,1.0387,368.99,False,False,True
9.0,76.48,2023,0,2.8339,0.5718,5.2,0.0,0.0,0.3938,0.1099,269.62,False,False,True
9.95061,77.0339,2021,1,4.2611,1.0,5.2,753.0,4.7957,0.6949,2.5899,354.46,False,True,False
11.0,76.08,2021,0,3.8548,0.7727,5.2,115.0,0.129,0.7207,0.4886,263.73,False,False,True
11.38533,75.91831,2018,1,4.1174,0.9926,5.2,68.0,0.1484,0.3392,0.3338,290.05,False,False,True
12.44,77.52,2016,0,3.2854,0.6882,5.2,656.0,47.1564,0.757,2.2704,363.7,False,True,False
11.90345,75.81959,2019,1,4.9104,1.0,5.2,124.0,49.4997,0.8733,0.5183,238.99,False,False,True
11.635,76.1,2024,1,4.259,1.0,5.2,1841.9,6.9719,0.6162,6.1762,253.37,True,False,False
11.39074,75.91365,2018,1,4.8438,0.9695,5.2,31.0,0.0903,0.2319,0.212,247.76,False,False,True
10.44,76.16,2012,0,3.2186,0.6579,5.2,11.0,0.071,0.3718,0.1461,251.3,False,False,True
9.48,77.12,2021,0,3.2081,0.6682,5.2,1168.0,1.1677,0.7196,3.9567,329.54,False,True,False
11.45135,75.87487,2021,1,4.3391,0.9781,5.2,46.0,43.4987,0.3917,0.2614,289.82,False,False,True
11.88,76.48,2016,0,3.4558,0.7122,5.2,813.0,0.5097,0.6786,2.7875,314.42,False,True,False
9.88,76.56,2013,0,3.0403,0.6395,5.2,20.0,0.0194,0.4898,0.1758,305.91,False,False,True
9.25003,76.92397,2018,1,4.1332,0.9552,5.2,70.0,0.271,0.3747,0.3404,331.79,False,False,True
10.08505,77.07001,2013,1,3.7916,0.9058,5.2,1460.0,1.1612,0.6154,4.9184,359.54,False,True,False
11.36,76.195,2018,1,4.3483,1.0,5.2,311.0,5.423,0.8996,1.1342,264.38,False,False,True
11.56,76.56,2019,0,3.2546,0.6578,5.2,917.0,0.2258,0.6397,3.1301,314.64,False,True,False
12.44,76.72,2017,0,3.5888,0.762,5.2,699.0,45.2985,0.8247,2.4121,286.25,False,True,False
12.12,77.6,2022,0,3.4451,0.7424,5.2,945.0,4.2827,0.5635,3.2223,340.13,False,True,False
11.225,76.165,2019,1,4.5393,1.0,5.2,1830.4,10.6284,0.529,6.1384,288.99,True,False,False
11.08,76.0,2018,0,3.2709,0.675,5.2,124.0,0.271,0.8342,0.5183,259.6,False,False,True
10.09915,77.06836,2013,1,3.8073,0.8503,5.2,1605.0,0.8,0.5715,5.396,348.4,True,False,False
9.70582,76.95833,2018,1,4.3267,1.0,5.2,988.0,0.1936,0.5183,3.3639,339.94,False,True,False
12.2,76.64,2016,0,3.9235,0.8248,5.2,695.0,0.2581,0.7664,2.3989,297.56,False,True,False
11.60916,76.10864,2018,1,3.8129,0.9421,5.2,1860.6,0.1207,0.6408,6.2378,297.64,True,False,False
11.43685,75.8895,2019,1,4.7136,1.0,5.2,58.0,43.7052,0.4745,0.3009,234.0,False,False,True
9.95302,77.02864,2021,1,3.6948,0.8682,5.2,681.0,5.2567,0.7531,2.3528,298.09,False,True,False
11.44,75.88,2019,1,4.2402,0.9339,5.2,42.0,52.2648,0.3708,0.2482,247.11,False,False,True
9.24,76.8,2017,0,3.0334,0.6316,5.2,45.0,0.7162,0.3892,0.2581,327.67,False,False,True
11.45538,75.86952,2021,1,4.7364,0.964,5.2,64.0,39.2247,0.3586,0.3207,258.29,False,False,True
9.94618,77.03001,2021,1,4.4684,1.0,5.2,868.0,4.0581,0.5274,2.9687,315.18,False,True,False
11.875,75.845,2018,1,4.6976,0.9845,5.2,148.0,0.2258,0.7967,0.5973,279.64,False,False,True
10.92,76.24,2012,0,3.8593,0.7943,5.2,146.0,0.1355,0.6437,0.5907,254.21,False,False,True
9.955,77.025,2021,1,3.9168,0.9439,5.2,677.0,5.2823,0.691,2.3396,304.45,False,True,False
11.4,76.48,2010,0,3.6946,0.7735,5.2,1714.0,4.8854,0.6943,5.755,272.77,True,False,False
10.04856,77.02007,2018,1,4.6259,1.0,5.2,1641.0,0.3226,0.6631,5.5146,304.15,True,False,False
11.56904,76.07565,2019,1,3.6265,0.8498,5.2,1928.3,0.5575,0.675,6.4608,282.62,True,False,False
10.04,77.44,2015,0,2.9578,0.6135,5.2,343.0,2.7272,0.6867,1.2396,380.23,False,False,True
10.10618,77.06608,2018,1,4.4295,0.9718,5.2,1650.0,0.5097,0.6708,5.5442,331.58,True,False,False
9.64,76.72,2009,0,3.1472,0.6804,5.2,68.0,0.0,0.3366,0.3338,309.59,False,False,True
10.12,77.28,2012,0,3.3688,0.689,5.2,2331.0,0.3162,0.2497,7.7871,353.44,True,False,False
10.04124,77.02624,2018,1,3.5049,0.8819,5.2,1197.0,2.3795,0.6113,4.0522,314.96,False,True,False
9.72,76.8,2015,0,3.4228,0.7426,5.2,256.0,2.6693,0.7076,0.953,328.34,False,False,True
9.945,77.035,2021,1,3.764,0.8533,5.2,887.0,3.9361,0.7729,3.0312,338.97,False,True,False
10.09119,77.0756,2013,1,3.7288,0.955,5.2,1563.0,1.0709,0.6041,5.2577,303.79,True,False,False
11.6354,76.09883,2024,1,4.0642,0.9296,5.2,1863.7,7.1104,0.793,6.248,260.43,True,False,False
10.2,77.52,2017,0,2.8657,0.6049,5.2,641.0,4.5008,0.7641,2.221,347.56,False,True,False
11.48,77.6,2019,0,2.8182,0.5767,5.2,186.0,0.1742,0.7708,0.7225,335.26,False,False,True
11.62121,76.11375,2018,1,5.0022,1.0,5.2,1942.7,0.2568,0.5387,6.5082,278.05,True,False,False
9.64,77.12,2011,0,3.0912,0.6587,5.2,1068.0,0.6581,0.6328,3.6274,304.41,False,True,False
12.36,76.24,2016,0,3.883,0.8088,5.2,833.0,0.0452,0.668,2.8534,262.72,False,True,False
10.30347,76.90079,2020,1,3.8249,0.8572,5.2,1058.0,3.004,0.5633,3.5944,345.24,False,True,False
10.06,77.02,2018,1,4.6532,1.0,5.2,1498.0,0.2065,0.5484,5.0436,330.85,False,True,False
12.12,76.4,2021,0,4.0019,0.8637,5.2,703.0,0.0387,0.8314,2.4252,262.64,False,True,False
10.29828,76.89428,2020,1,3.9613,0.9612,5.2,1085.0,3.1777,0.7031,3.6834,345.19,False,True,False
10.15,77.08,2019,1,3.7807,0.8876,5.2,1878.0,0.9613,0.6473,6.2951,312.58,True,False,False
9.20381,76.94865,2020,1,3.8772,0.9871,5.2,164.0,0.0968,0.6378,0.65,333.99,False,False,True
10.18937,76.77629,2019,1,3.5514,0.7989,5.2,485.0,2.547,0.6528,1.7072,320.78,False,False,True
9.94519,77.03077,2021,1,3.5595,0.8066,5.2,797.0,4.5137,0.6776,2.7348,312.27,False,True,False
12.04,76.48,2019,0,3.3741,0.7271,5.2,732.0,0.2645,0.8852,2.5207,296.44,False,True,False
10.12,77.6,2009,0,2.7255,0.5508,5.2,279.0,0.6387,0.8295,1.0288,343.01,False,False,True
10.1,77.065,2018,1,4.3976,1.0,5.2,1645.0,0.542,0.5027,5.5277,318.12,True,False,False
11.65412,76.09017,2019,1,4.6947,1.0,5.2,1811.1,6.776,0.6105,6.0748,298.85,True,False,False
12.44,76.48,2020,0,3.5079,0.7437,5.2,750.0,53.0618,0.6905,2.58,273.27,False,True,False
11.21005,76.18391,2019,1,4.6519,0.9812,5.2,45.0,0.129,0.3431,0.2581,301.77,False,False,True
9.24,76.24,2013,0,2.9363,0.6456,5.2,0.0,0.0,0.406,0.1099,281.21,False,False,True
11.50155,76.07289,2009,1,4.599,1.0,5.2,1872.0,0.1942,0.7589,6.2754,264.9,True,False,False
10.51874,76.48384,2018,1,3.6863,0.8426,5.2,131.0,0.1742,0.7281,0.5413,322.93,False,False,True
11.90688,75.81146,2019,1,3.9468,0.8602,5.2,95.0,51.5572,0.4462,0.4228,269.4,False,False,True
9.48,76.72,2012,0,3.2055,0.6415,5.2,47.0,0.1355,0.4786,0.2647,332.06,False,False,True
10.44,76.24,2011,0,3.6041,0.7746,5.2,2.0,0.129,0.2715,0.1165,305.75,False,False,True
11.61874,76.10276,2024,1,4.4367,1.0,5.2,1868.6,0.3704,0.5504,6.2642,270.5,True,False,False
11.85172,75.86523,2021,1,4.5444,1.0,5.2,687.0,3.6663,0.7314,2.3725,259.16,False,True,False
9.08,76.56,2020,0,3.3514,0.6914,5.2,11.0,0.0065,0.4905,0.1461,305.81,False,False,True
10.2,77.36,2020,0,3.029,0.6064,5.2,2056.0,0.8968,0.326,6.8814,341.45,True,False,False
9.4,77.04,2016,0,3.1754,0.6623,5.2,259.0,1.0709,0.63,0.9629,346.18,False,False,True
9.0,77.2,2012,0,3.2233,0.6634,5.2,195.0,2.4181,0.8952,0.7521,309.19,False,False,True
10.80182,76.65542,2018,1,3.7648,0.9507,5.2,84.0,0.2581,0.2437,0.3865,310.85,False,False,True
11.49645,76.07049,2009,1,4.3276,0.9724,5.2,1819.9,0.0381,0.6425,6.1038,263.2,True,False,False
9.24,77.44,2013,0,3.1043,0.6579,5.2,167.0,0.0129,0.8624,0.6599,343.7,False,False,True
11.96,77.36,2018,0,3.2244,0.697,5.2,653.0,0.0065,0.7551,2.2606,322.78,False,True,False
11.4,76.08,2021,0,3.9678,0.8614,5.2,707.0,7.6314,0.6808,2.4384,300.35,False,True,False
10.2,76.88,2017,0,2.8913,0.6126,5.2,842.0,1.4643,0.576,2.883,300.41,False,True,False
9.61836,76.99498,2021,1,3.769,0.8722,5.2,1178.0,0.9677,0.5204,3.9897,326.15,False,True,False
10.76,77.28,2022,0,3.034,0.669,5.2,310.0,0.2452,0.6464,1.1309,361.24,False,False,True
11.24,76.0,2023,0,3.4559,0.7053,5.2,55.0,0.2194,0.305,0.291,244.41,False,False,True
10.18351,76.77959,2019,1,3.6683,0.8843,5.2,335.0,3.5121,0.7483,1.2132,289.0,False,False,True
12.2,76.8,2021,0,3.825,0.7824,5.2,671.0,0.1549,0.8779,2.3198,306.81,False,True,False
11.85029,75.85412,2021,1,4.9714,1.0,5.2,743.0,3.8333,0.7027,2.557,281.96,False,True,False
11.64037,76.09919,2024,1,4.8904,1.0,5.2,1871.0,7.1568,0.6334,6.2721,294.68,True,False,False
10.12,76.64,2010,0,3.4523,0.6918,5.2,93.0,2.2571,0.2042,0.4162,308.19,False,False,True
10.15099,76.79501,2018,1,4.1801,0.9775,5.2,332.0,0.0452,0.8439,1.2033,306.62,False,False,True
11.56,76.64,2013,0,3.0453,0.6644,5.2,957.0,0.0968,0.5721,3.2618,306.23,False,True,False
9.0,76.56,2011,0,2.938,0.6291,5.2,10.0,0.0065,0.2699,0.1428,285.7,False,False,True
10.7783,76.66352,2019,1,4.1637,0.9899,5.2,91.0,0.0194,0.2074,0.4096,302.12,False,False,True
11.59348,76.08435,2018,1,5.0702,1.0,5.2,1897.5,0.3587,0.6456,6.3594,249.11,True,False,False
11.60509,76.11971,2018,1,4.4724,0.9867,5.2,1943.6,0.6562,0.7633,6.5112,291.4,True,False,False
9.25435,76.90854,2018,1,4.1945,0.9725,5.2,73.0,0.2516,0.4521,0.3503,314.09,False,False,True
9.69834,76.9658,2018,1,3.7588,0.868,5.2,829.0,1.2193,0.7062,2.8402,340.45,False,True,False
9.805,76.975,2019,1,4.2454,0.9649,5.2,935.0,1.8125,0.7181,3.1893,348.89,False,True,False
10.78,76.67,2019,1,4.1248,0.9362,5.2,92.0,0.0258,0.2825,0.4129,328.24,False,False,True
10.84957,76.59475,2018,1,4.0346,0.8893,5.2,118.0,0.1484,0.8829,0.4985,305.34,False,False,True
11.88,76.88,2022,0,3.2664,0.6495,5.2,813.0,0.4194,0.6655,2.7875,303.38,False,True,False
9.71125,76.96679,2018,1,3.9191,0.9678,5.2,973.0,0.2903,0.5988,3.3145,350.97,False,True,False
11.61973,76.10216,2024,1,3.9158,0.9155,5.2,1958.9,0.2123,0.7843,6.5616,275.85,True,False,False
10.08812,77.06615,2013,1,3.696,0.8167,5.2,1499.0,1.4837,0.5673,5.0469,351.01,False,True,False
10.78351,76.66861,2019,1,3.5444,0.8539,5.2,83.0,0.0065,0.409,0.3832,310.41,False,False,True
11.0,77.12,2013,0,2.9314,0.6411,5.2,391.0,0.1032,0.8122,1.3977,348.04,False,False,True
9.8,76.16,2011,0,3.2901,0.7222,5.2,0.0,0.0,0.2737,0.1099,302.27,False,False,True
10.14811,77.08534,2019,1,4.2117,0.9748,5.2,1841.0,0.7226,0.5928,6.1733,325.35,True,False,False
11.16,76.08,2013,0,3.2833,0.6761,5.2,37.0,0.1032,0.3391,0.2317,273.12,False,False,True
11.56,76.32,2023,0,3.3086,0.6638,5.2,915.0,0.4194,0.7835,3.1235,274.95,False,True,False
11.4,76.0,2009,0,3.4132,0.7447,5.2,36.0,0.1355,0.4012,0.2284,273.24,False,False,True
9.8,76.0,2013,0,3.5883,0.7169,5.2,0.0,0.0,0.2577,0.1099,265.82,False,False,True
12.04,76.16,2023,0,3.5778,0.7143,5.2,816.0,0.3226,0.6868,2.7974,258.03,False,True,False
10.68,76.72,2019,0,3.5886,0.7734,5.2,113.0,0.1355,0.7619,0.4821,292.01,False,False,True
10.09156,77.07135,2013,1,3.9427,0.9537,5.2,1545.0,1.187,0.6453,5.1984,330.45,True,False,False
10.92,77.52,2022,0,3.4686,0.7076,5.2,295.0,0.2258,0.8844,1.0815,349.33,False,False,True
9.48,76.4,2009,0,3.2257,0.7163,5.2,4.0,0.0258,0.221,0.1231,270.39,False,False,True
12.28,77.6,2017,0,3.4719,0.6952,5.2,565.0,1.4643,0.7731,1.9707,368.22,False,False,True
12.2,77.04,2013,0,3.6058,0.7327,5.2,647.0,0.0839,0.6751,2.2408,308.34,False,True,False
10.28,77.52,2018,0,3.207,0.6455,5.2,1340.0,3.7049,0.538,4.5232,358.95,False,True,False
10.05046,77.03196,2018,1,4.0868,0.9557,5.2,1573.0,0.1161,0.5682,5.2906,317.74,True,False,False
9.63643,76.98972,2021,1,3.5728,0.8577,5.2,1057.0,0.9484,0.6043,3.5911,296.84,False,True,False
11.32,76.8,2014,0,3.5135,0.7764,5.2,1777.0,2.8431,0.6328,5.9625,335.45,True,False,False
12.36,77.36,2011,0,3.623,0.7774,5.2,936.0,1.7867,0.7826,3.1926,366.82,False,True,False
9.88,76.4,2009,0,3.2719,0.6945,5.2,2.0,0.1161,0.3757,0.1165,306.79,False,False,True
10.505,76.495,2018,1,4.2021,0.9904,5.2,632.0,3.4735,0.7939,2.1914,300.04,False,True,False
11.87558,75.84028,2018,1,4.3559,1.0,5.2,183.0,0.4516,0.6231,0.7126,252.4,False,False,True
11.62157,76.10516,2018,1,3.7983,0.8524,5.2,1779.8,0.7942,0.5894,5.9717,285.24,True,False,False
11.19936,76.18845,2018,1,4.2358,0.9529,5.2,30.0,11.7633,0.3845,0.2087,268.07,False,False,True
12.44,76.96,2020,0,3.8237,0.8357,5.2,690.0,33.267,0.6756,2.3824,315.82,False,True,False
9.56,77.28,2022,0,2.9265,0.6014,5.2,1212.0,4.8085,0.5635,4.1016,331.24,False,True,False
10.525,76.475,2018,1,3.8341,0.9036,5.2,118.0,0.0903,0.8786,0.4985,306.74,False,False,True
11.22928,76.15675,2019,1,4.75,1.0,5.2,25.0,0.8968,0.4286,0.1922,254.73,False,False,True
11.2017,76.18151,2018,1,4.0057,0.8775,5.2,38.0,11.7349,0.4781,0.235,296.55,False,False,True
11.89398,75.81864,2019,1,4.8868,0.9667,5.2,93.0,48.0718,0.4517,0.4162,277.36,False,False,True
12.28,77.12,2023,0,3.613,0.7655,5.2,636.0,0.1226,0.6159,2.2046,304.86,False,True,False
11.87473,75.83851,2018,1,3.6822,0.8747,5.2,215.0,0.6581,0.8672,0.818,282.85,False,False,True
11.22044,76.16501,2019,1,4.9968,1.0,5.2,1808.9,10.4943,0.5845,6.0676,297.81,True,False,False
9.16,76.16,2013,0,3.4387,0.6889,5.2,0.0,0.0,0.2293,0.1099,293.31,False,False,True
11.21999,76.1642,2019,1,4.4368,1.0,5.2,1710.7,9.8805,0.5151,5.7441,293.69,True,False,False
10.8064,76.64899,2018,1,4.6924,1.0,5.2,88.0,0.2323,0.249,0.3997,316.89,False,False,True
12.44,76.88,2017,0,3.4026,0.7318,5.2,741.0,53.1454,0.6353,2.5504,323.61,False,True,False
10.44,76.4,2012,0,3.046,0.6456,5.2,197.0,0.6323,0.7459,0.7587,286.4,False,False,True
10.44,77.2,2010,0,3.5243,0.7148,5.2,1027.0,4.148,0.5969,3.4923,331.72,False,True,False
10.44,77.6,2009,0,3.1707,0.6727,5.2,334.0,0.1807,0.8897,1.2099,378.45,False,False,True
12.28,76.24,2020,0,3.8131,0.8182,5.2,812.0,0.1355,0.6677,2.7842,307.13,False,True,False
10.36,77.6,2018,0,2.7414,0.558,5.2,1073.0,4.7572,0.6211,3.6438,366.85,False,True,False
11.22663,76.15896,2019,1,4.5425,0.9979,5.2,1817.6,10.5486,0.5118,6.0962,283.21,True,False,False
11.62922,76.1031,2024,1,4.3391,1.0,5.2,1840.5,0.1897,0.5542,6.1716,268.08,True,False,False
10.55505,76.46013,2019,1,4.7497,0.973,5.2,104.0,0.2387,0.708,0.4524,315.76,False,False,True
11.16,77.36,2020,0,3.4334,0.7457,5.2,317.0,0.2,0.8944,1.1539,347.56,False,False,True
11.6483,76.09695,2019,1,4.4856,1.0,5.2,1789.4,6.6379,0.6262,6.0033,296.99,True,False,False
11.64356,76.09121,2019,1,4.2134,0.9933,5.2,1793.3,6.6627,0.7937,6.0162,286.27,True,False,False
11.44966,75.86409,2021,1,4.199,0.9802,5.2,42.0,26.21,0.2244,0.2482,260.87,False,False,True
10.03579,77.03081,2018,1,3.3588,0.7511,5.2,1041.0,2.9461,0.7971,3.5385,307.87,False,True,False
10.17813,76.78528,2019,1,3.9999,0.9093,5.2,230.0,4.1865,0.7739,0.8674,323.06,False,False,True
9.0,76.88,2018,0,3.4237,0.7363,5.2,67.0,0.2194,0.4264,0.3305,347.04,False,False,True
12.12,76.88,2015,0,3.1315,0.6528,5.2,694.0,0.129,0.8537,2.3956,328.37,False,True,False
12.44,76.56,2012,0,3.962,0.8042,5.2,747.0,47.5427,0.7152,2.5702,314.72,False,True,False
11.23,76.163,2019,1,4.1542,0.9405,5.2,57.0,0.6904,0.3285,0.2976,304.96,False,False,True
11.85627,75.85903,2021,1,4.3982,1.0,5.2,503.0,2.4826,0.6146,1.7665,267.22,False,False,True
10.08531,77.07514,2013,1,4.2208,0.9764,5.2,1468.0,1.1096,0.6729,4.9448,344.23,False,True,False
9.26104,76.90538,2018,1,3.4175,0.812,5.2,82.0,0.1936,0.298,0.38,343.62,False,False,True
11.90341,75.81861,2019,1,4.7216,0.987,5.2,100.0,31.106,0.7264,0.4392,287.37,False,False,True
11.56,77.12,2021,0,3.6148,0.7316,5.2,391.0,3.6663,0.7511,1.3977,323.46,False,False,True
9.24,76.88,2009,0,2.7852,0.5935,5.2,215.0,0.6645,0.729,0.818,292.62,False,False,True
11.0,76.32,2011,0,3.1712,0.693,5.2,57.0,0.0968,0.237,0.2976,284.28,False,False,True
10.0795,77.07038,2013,1,4.5844,0.9868,5.2,1541.0,0.4775,0.7382,5.1852,319.17,True,False,False
10.55,76.46,2019,1,4.2865,0.9591,5.2,104.0,0.2387,0.8918,0.4524,277.08,False,False,True
10.84,76.64,2020,0,3.5888,0.738,5.2,118.0,5.6148,0.8509,0.4985,299.66,False,False,True
11.16,77.28,2019,0,3.2942,0.6665,5.2,325.0,0.1484,0.7503,1.1803,343.67,False,False,True
11.88,76.24,2023,0,3.3286,0.6725,5.2,734.0,0.0516,0.6063,2.5273,254.32,False,True,False
11.48,76.56,2020,0,3.7485,0.7906,5.2,1865.0,6.0936,0.5742,6.2523,289.66,True,False,False
10.51051,76.49333,2018,1,4.0941,0.9758,5.2,321.0,1.3999,0.7087,1.1671,269.61,False,False,True
9.88,76.48,2015,0,3.3058,0.7144,5.2,9.0,0.1032,0.2328,0.1395,278.35,False,False,True
9.63428,76.9818,2021,1,4.0142,0.9197,5.2,1031.0,0.7807,0.5652,3.5055,299.89,False,True,False
9.24,76.72,2015,0,3.4532,0.707,5.2,56.0,0.0452,0.3149,0.2943,322.46,False,False,True
10.8,76.65,2018,1,4.36,0.9691,5.2,72.0,0.3355,0.4385,0.347,328.59,False,False,True
11.16,76.8,2020,0,3.3463,0.6677,5.2,538.0,0.1097,0.6646,1.8818,326.57,False,False,True
11.64,76.096,2024,1,4.7944,0.9886,5.2,1845.6,6.9954,0.7269,6.1884,269.78,True,False,False
11.63362,76.10362,2024,1,4.3865,0.953,5.2,1931.5,0.8407,0.7949,6.4713,264.33,True,False,False
10.36,77.44,2016,0,2.9354,0.6236,5.2,545.0,1.4192,0.854,1.9049,371.2,False,False,True
11.24,76.72,2012,0,3.3378,0.6644,5.2,797.0,5.9022,0.6585,2.7348,299.2,False,True,False
9.64662,76.97837,2021,1,3.9861,0.8599,5.2,1028.0,0.7613,0.7112,3.4956,352.5,False,True,False
11.72,76.32,2021,0,3.9337,0.8132,5.2,887.0,0.6452,0.7053,3.0312,273.42,False,True,False
11.8,76.48,2015,0,3.7756,0.8027,5.2,847.0,0.2194,0.5787,2.8995,291.81,False,True,False
9.0,76.16,2020,0,3.3565,0.7396,5.2,0.0,0.0,0.4277,0.1099,256.63,False,False,True
10.04,77.36,2017,0,2.9326,0.6142,5.2,376.0,4.3469,0.855,1.3483,326.99,False,False,True
10.52315,76.47901,2018,1,3.8175,0.9152,5.2,94.0,0.0645,0.3576,0.4195,304.23,False,False,True
10.14328,77.08057,2019,1,3.8076,0.889,5.2,1957.0,1.4708,0.5577,6.5553,341.35,True,False,False
10.08486,77.06717,2013,1,3.5009,0.8891,5.2,1460.0,1.1612,0.6026,4.9184,352.51,False,True,False
9.80598,76.97033,2019,1,3.748,0.8642,5.2,955.0,1.9414,0.6987,3.2552,348.36,False,True,False
9.4,77.6,2018,0,2.6369,0.5432,5.2,133.0,0.0903,0.7889,0.5479,363.94,False,False,True
11.39195,75.9036,2018,1,4.7099,0.9808,5.2,96.0,0.3291,0.3939,0.4261,253.81,False,False,True
12.2,76.96,2023,0,3.5336,0.7109,5.2,659.0,0.0452,0.6226,2.2803,348.08,False,True,False
11.62873,76.09173,2024,1,4.8655,0.9656,5.2,1840.7,0.191,0.6304,6.1723,288.87,True,False,False
9.636,76.98102,2021,1,4.1757,0.9044,5.2,1027.0,0.7549,0.6861,3.4923,314.8,False,True,False
11.61486,76.10923,2024,1,5.0784,1.0,5.2,1874.0,0.0168,0.59,6.282,279.5,True,False,False
10.86162,76.59439,2018,1,4.442,1.0,5.2,194.0,0.6387,0.8505,0.7488,330.66,False,False,True
9.32,76.4,2013,0,3.3798,0.7198,5.2,1.0,0.0258,0.2771,0.1132,276.52,False,False,True
10.84,76.96,2011,0,2.9404,0.6454,5.2,305.0,0.4194,0.6512,1.1144,334.51,False,False,True
10.805,76.645,2018,1,4.706,1.0,5.2,80.0,0.2839,0.3585,0.3734,284.47,False,False,True
9.25608,76.91875,2018,1,4.4771,0.9838,5.2,180.0,0.4387,0.6274,0.7027,318.6,False,False,True
9.8,76.24,2009,0,3.1612,0.6536,5.2,0.0,0.0,0.4745,0.1099,255.94,False,False,True
10.36,76.24,2019,0,3.4388,0.7406,5.2,20.0,0.1161,0.2483,0.1758,279.73,False,False,True
9.90682,77.05095,2018,1,3.8331,0.9078,5.2,575.0,0.7807,0.89,2.0037,318.1,False,False,True
9.88,76.0,2015,0,3.4437,0.6999,5.2,0.0,0.0,0.3552,0.1099,268.94,False,False,True
11.22321,76.16911,2019,1,5.103,1.0,5.2,1713.8,9.8999,0.5553,5.7543,267.19,True,False,False
10.76,77.6,2010,0,3.0169,0.6604,5.2,234.0,0.0839,0.6764,0.8806,338.89,False,False,True
11.60892,76.11831,2018,1,4.8562,0.9912,5.2,1843.2,0.0084,0.5873,6.1805,254.56,True,False,False
10.44,77.36,2017,0,3.2724,0.7152,5.2,375.0,0.3549,0.7655,1.345,341.75,False,False,True
9.79844,76.97497,2019,1,4.4876,0.9898,5.2,1002.0,2.2442,0.6339,3.41,322.48,False,True,False
9.32,77.6,2019,0,2.9023,0.5839,5.2,118.0,0.0968,0.8459,0.4985,362.51,False,False,True
9.24846,76.91544,2018,1,3.1285,0.7841,5.2,62.0,0.3226,0.256,0.3141,338.53,False,False,True
10.06306,77.02171,2018,1,4.0277,0.9176,5.2,1573.0,0.2774,0.7986,5.2906,314.68,True,False,False
11.588,76.082,2018,1,3.8063,0.8699,5.2,1894.6,0.34,0.734,6.3498,258.6,True,False,False
12.36,77.6,2023,0,3.3474,0.6827,5.2,792.0,0.0645,0.8007,2.7184,346.44,False,True,False
9.30489,76.87965,2019,1,3.285,0.8097,5.2,117.0,0.7936,0.7789,0.4952,345.27,False,False,True
10.09821,77.07013,2018,1,4.8674,0.9861,5.2,1719.0,0.0645,0.6337,5.7715,328.24,True,False,False
9.71047,76.9634,2018,1,4.0247,1.0,5.2,946.0,0.4646,0.6079,3.2256,305.66,False,True,False
10.31138,76.89309,2020,1,4.0206,1.0,5.2,999.0,2.6242,0.6788,3.4001,297.51,False,True,False
9.08,76.72,2021,0,3.4003,0.6741,5.2,26.0,0.1484,0.4837,0.1955,287.85,False,False,True
11.20127,76.19022,2018,1,4.4929,0.9858,5.2,21.0,11.84,0.3358,0.179,276.36,False,False,True
10.68,76.48,2017,0,3.0655,0.6569,5.2,60.0,0.071,0.2854,0.3075,288.06,False,False,True
11.08,76.16,2017,0,3.2704,0.7039,5.2,73.0,10.7598,0.3736,0.3503,252.38,False,False,True
10.36,76.16,2016,0,3.6648,0.7454,5.2,2.0,0.0581,0.3283,0.1165,281.18,False,False,True
11.24,77.2,2023,0,3.1938,0.6973,5.2,362.0,0.1161,0.7706,1.3021,343.08,False,False,True
11.36557,76.19334,2018,1,3.6243,0.8912,5.2,531.0,4.0132,0.6165,1.8587,306.88,False,False,True
11.20903,76.19064,2018,1,4.6992,0.9631,5.2,19.0,0.0387,0.3527,0.1725,300.38,False,False,True
10.16048,76.79513,2018,1,4.219,0.9895,5.2,54.0,1.6771,0.2858,0.2877,329.02,False,False,True
12.36,77.28,2018,0,3.673,0.8066,5.2,1049.0,2.7208,0.7645,3.5648,359.53,False,True,False
11.48848,76.07385,2009,1,4.4501,0.9803,5.2,1829.0,0.502,0.6442,6.1338,288.94,True,False,False
9.16,76.96,2017,0,3.4089,0.6994,5.2,149.0,0.0,0.6798,0.6006,337.2,False,False,True
9.96,76.32,2015,0,3.3922,0.6771,5.2,5.0,0.1549,0.2844,0.1263,286.25,False,False,True
10.78356,76.66056,2019,1,3.708,0.885,5.2,83.0,0.0065,0.4176,0.3832,303.32,False,False,True
9.6994,76.97347,2018,1,3.0987,0.7555,5.2,994.0,0.1549,0.7333,3.3837,346.11,False,True,False
11.65802,76.08626,2019,1,4.9082,1.0,5.2,1801.2,6.713,0.7152,6.0422,264.09,True,False,False
10.81102,76.63548,2018,1,3.7325,0.9451,5.2,90.0,0.2194,0.2148,0.4063,297.34,False,False,True
9.9,77.05,2018,1,3.575,0.7713,5.2,803.0,0.6904,0.6749,2.7546,305.7,False,True,False
11.4,76.72,2016,0,3.7405,0.7644,5.2,2329.0,3.3063,0.2529,7.7805,313.04,True,False,False
11.64,76.24,2011,0,3.9888,0.8193,5.2,827.0,1.0,0.7904,2.8336,274.02,False,True,False
12.2,77.52,2013,0,3.2738,0.7137,5.2,358.0,2.3602,0.8415,1.289,342.23,False,False,True
9.62117,77.00616,2021,1,3.5006,0.8065,5.2,1132.0,0.671,0.5725,3.8382,354.08,False,True,False
9.25902,76.91573,2018,1,4.1552,0.9503,5.2,283.0,1.1032,0.8458,1.042,320.73,False,False,True
12.12,76.72,2021,0,3.894,0.8088,5.2,667.0,0.1871,0.6157,2.3067,287.33,False,True,False
11.43818,75.87412,2019,1,4.5587,0.9994,5.2,66.0,30.5213,0.2699,0.3273,257.88,False,False,True
10.81047,76.64443,2018,1,4.5061,1.0,5.2,82.0,0.271,0.3402,0.38,289.97,False,False,True
9.56,76.48,2022,0,3.2922,0.6606,5.2,2.0,0.0129,0.466,0.1165,284.07,False,False,True
10.06058,77.01371,2018,1,3.5787,0.8654,5.2,1498.0,0.2387,0.5773,5.0436,324.0,False,True,False
11.35155,76.19612,2018,1,5.0126,1.0,5.2,288.0,5.57,0.7215,1.0584,278.61,False,False,True
9.96,76.4,2015,0,3.2034,0.6777,5.2,20.0,0.1226,0.3233,0.1758,304.9,False,False,True
11.49,76.07,2009,1,4.7736,1.0,5.2,1896.8,0.0645,0.6371,6.3571,259.01,True,False,False
10.8494,76.60536,2018,1,3.5878,0.849,5.2,116.0,0.1355,0.7155,0.4919,331.41,False,False,True
9.0,76.24,2021,0,3.2798,0.6715,5.2,0.0,0.0,0.3502,0.1099,274.9,False,False,True
9.94189,77.03457,2021,1,4.2734,0.9874,5.2,778.0,4.6355,0.8432,2.6723,357.76,False,True,False
10.16,76.79,2018,1,3.5321,0.7906,5.2,81.0,1.503,0.2169,0.3767,318.88,False,False,True
10.54908,76.45451,2019,1,3.7804,0.8271,5.2,99.0,0.1484,0.4048,0.4359,288.17,False,False,True
12.04,76.56,2011,0,3.4868,0.7648,5.2,712.0,0.2258,0.7151,2.4549,322.43,False,True,False
11.39,75.91,2018,1,4.2754,1.0,5.2,40.0,0.0323,0.2342,0.2416,259.12,False,False,True
11.64043,76.08968,2024,1,4.4268,0.9884,5.2,1855.2,7.0564,0.7227,6.22,255.35,True,False,False
11.8,76.96,2021,0,3.575,0.7203,5.2,795.0,0.4968,0.7772,2.7282,335.51,False,True,False
10.76,76.96,2015,0,3.5133,0.7292,5.2,264.0,0.2645,0.823,0.9794,324.02,False,False,True
9.64,76.08,2020,0,2.9918,0.6191,5.2,0.0,0.0,0.4555,0.1099,259.88,False,False,True
11.86835,75.84515,2018,1,4.2928,1.0,5.2,339.0,1.4579,0.7793,1.2264,242.78,False,False,True
11.48,77.2,2017,0,3.1324,0.6255,5.2,257.0,0.342,0.7789,0.9563,323.22,False,False,True
12.12,77.36,2012,0,3.7187,0.7835,5.2,601.0,0.5936,0.8942,2.0893,367.7,False,True,False
11.57955,76.06909,2019,1,3.5917,0.8392,5.2,1967.4,0.8097,0.7075,6.5896,259.95,True,False,False
10.085,77.072,2013,1,3.8091,0.9513,5.2,1465.0,1.129,0.7345,4.9349,329.21,False,True,False
9.635,76.985,2021,1,3.2281,0.7255,5.2,1083.0,1.1161,0.786,3.6768,351.3,False,True,False
9.32,76.8,2012,0,3.3614,0.6851,5.2,156.0,0.3549,0.6438,0.6237,340.33,False,False,True
12.04,76.72,2021,0,3.1391,0.6457,5.2,696.0,0.1871,0.8144,2.4022,309.93,False,True,False
12.2,77.6,2011,0,3.6538,0.7703,5.2,280.0,1.8383,0.8902,1.0321,387.01,False,False,True
10.04,76.96,2022,0,3.16,0.6289,5.2,1034.0,3.1841,0.7809,3.5154,325.64,False,True,False
10.06471,77.01187,2018,1,3.7207,0.8638,5.2,1552.0,0.1097,0.5863,5.2214,313.74,True,False,False
9.79823,76.97348,2019,1,3.4389,0.7937,5.2,1002.0,2.2442,0.7962,3.41,317.77,False,True,False
12.44,77.28,2013,0,3.5138,0.7503,5.2,627.0,52.8821,0.7789,2.1749,314.38,False,True,False
9.48,76.8,2014,0,3.0238,0.6648,5.2,124.0,0.3936,0.749,0.5183,291.6,False,False,True
12.12,77.28,2019,0,2.9746,0.6438,5.2,680.0,0.2387,0.8181,2.3495,327.64,False,True,False
11.6338,76.09606,2024,1,3.7576,0.9054,5.2,1787.3,0.0897,0.6825,5.9964,277.85,True,False,False
11.35365,76.19659,2018,1,5.0257,0.9929,5.2,311.0,5.423,0.7736,1.1342,271.73,False,False,True
11.38318,75.90811,2018,1,4.8663,0.9837,5.2,38.0,0.0452,0.4503,0.235,276.72,False,False,True
9.64,76.98,2021,1,4.734,1.0,5.2,1015.0,0.6775,0.6233,3.4528,349.67,False,True,False
12.2,76.88,2013,0,3.2334,0.6739,5.2,674.0,0.1484,0.6027,2.3297,327.96,False,True,False
10.6,77.2,2011,0,2.9134,0.6508,5.2,373.0,0.0839,0.8967,1.3384,344.26,False,False,True
10.105,77.062,2018,1,4.0895,0.8977,5.2,1551.0,1.1483,0.6714,5.2182,357.43,True,False,False
11.205,76.19,2018,1,3.6966,0.8957,5.2,36.0,11.7473,0.4886,0.2284,255.22,False,False,True
10.92,77.04,2022,0,3.5174,0.7227,5.2,409.0,0.1484,0.6218,1.4569,335.99,False,False,True
10.095,77.068,2013,1,4.4476,0.9668,5.2,1654.0,0.4839,0.743,5.5574,356.4,True,False,False
11.44552,75.88078,2019,1,5.6095,0.9944,5.2,43.0,47.812,0.3895,0.2515,281.41,False,False,True
12.04,76.0,2010,0,3.8084,0.8065,5.2,831.0,0.0323,0.6777,2.8468,259.0,False,True,False
9.8,76.08,2011,0,3.6257,0.7683,5.2,0.0,0.0,0.3392,0.1099,260.98,False,False,True
10.52,77.44,2010,0,3.0718,0.6457,5.2,314.0,0.1032,0.8623,1.1441,340.62,False,False,True
10.12,77.2,2018,0,3.3298,0.6641,5.2,1906.0,1.387,0.6379,6.3874,311.44,True,False,False
9.24,77.12,2015,0,2.9226,0.583,5.2,1184.0,0.7097,0.7286,4.0094,318.74,False,True,False
9.4,76.4,2011,0,2.9006,0.5936,5.2,5.0,0.0065,0.4747,0.1263,270.63,False,False,True
11.8,77.6,2009,0,2.8935,0.6327,5.2,869.0,3.0683,0.5344,2.972,366.87,False,True,False
11.655,76.085,2019,1,4.693,1.0,5.2,1817.3,6.8154,0.773,6.0952,296.68,True,False,False
11.08,76.56,2009,0,3.7049,0.8139,5.2,624.0,5.3079,0.8529,2.165,287.26,False,True,False
10.06418,77.01154,2018,1,3.6272,0.7796,5.2,1516.0,0.1226,0.6217,5.1029,314.01,True,False,False
12.44,76.32,2009,0,3.6813,0.7746,5.2,819.0,49.887,0.7372,2.8073,285.32,False,True,False
10.09647,77.07165,2013,1,3.5558,0.8579,5.2,1698.0,0.2,0.5511,5.7023,327.49,True,False,False
11.64482,76.09714,2024,1,4.4906,1.0,5.2,1926.0,7.5059,0.6181,6.4532,274.57,True,False,False
10.36,76.48,2019,0,3.5578,0.7686,5.2,73.0,0.0258,0.2317,0.3503,319.28,False,False,True
11.65609,76.0883,2019,1,4.3708,0.9868,5.2,1958.4,7.7113,0.7393,6.5599,259.33,True,False,False
10.04,76.32,2016,0,3.6469,0.7445,5.2,29.0,0.1484,0.3201,0.2054,269.34,False,False,True
10.28,76.16,2021,0,3.327,0.6686,5.2,13.0,0.071,0.456,0.1527,288.95,False,False,True
11.32,77.36,2017,0,2.8847,0.5923,5.2,324.0,0.271,0.7578,1.177,329.9,False,False,True
9.08,76.32,2018,0,3.147,0.6295,5.2,0.0,0.0,0.397,0.1099,306.26,False,False,True
10.185,76.775,2019,1,3.433,0.8262,5.2,314.0,1.5353,0.8137,1.1441,322.83,False,False,True
9.7997,76.98663,2019,1,3.997,1.0,5.2,949.0,0.3097,0.5882,3.2354,326.1,False,True,False
11.8,76.24,2019,0,3.5919,0.7188,5.2,801.0,0.4323,0.7965,2.748,287.14,False,True,False
9.08,76.08,2016,0,3.5524,0.7372,5.2,0.0,0.0,0.2797,0.1099,255.98,False,False,True
10.155,77.075,2019,1,4.1819,0.971,5.2,1944.0,1.387,0.6233,6.5125,305.81,True,False,False
11.57349,76.06998,2019,1,4.6115,0.9951,5.2,2007.0,1.0651,0.22,6.72,283.88,True,False,False
9.32,77.28,2015,0,3.0832,0.665,5.2,1161.0,1.4901,0.5322,3.9337,341.18,False,True,False
9.24862,76.91492,2018,1,3.659,0.8609,5.2,62.0,0.3226,0.2171,0.3141,300.5,False,False,True
11.88,76.96,2015,0,3.7237,0.7897,5.2,718.0,0.1936,0.8523,2.4746,302.18,False,True,False
10.77997,76.66432,2019,1,4.0877,0.9594,5.2,80.0,0.0516,0.2791,0.3734,289.3,False,False,True
10.15684,77.07162,2019,1,3.2889,0.7962,5.2,2011.0,1.8189,0.1725,6.7332,309.67,True,False,False
11.57318,76.0643,2019,1,4.367,0.9937,5.2,1920.6,0.5078,0.5022,6.4354,297.3,True,False,False
11.4,77.6,2022,0,3.4645,0.7136,5.2,208.0,0.1419,0.7614,0.7949,366.23,False,False,True
10.49877,76.49316,2018,1,3.3313,0.7874,5.2,625.0,3.4221,0.8466,2.1683,279.39,False,True,False
10.15347,76.79176,2018,1,4.0835,0.9866,5.2,202.0,0.7936,0.8503,0.7752,295.49,False,False,True
9.24,76.96,2023,0,3.1591,0.6905,5.2,232.0,1.1612,0.7313,0.874,345.58,False,False,True
9.0,77.44,2018,0,2.6446,0.5812,5.2,150.0,0.1355,0.7064,0.6039,345.95,False,False,True
10.44,76.8,2021,0,3.4962,0.7433,5.2,550.0,0.2194,0.6915,1.9213,311.8,False,False,True
11.8,77.36,2021,0,3.5562,0.7539,5.2,729.0,0.3033,0.8324,2.5109,320.53,False,True,False
10.10476,77.05531,2018,1,3.3477,0.8024,5.2,1645.0,0.542,0.7604,5.5277,302.79,True,False,False
9.0,76.72,2012,0,2.751,0.5844,5.2,81.0,0.3549,0.405,0.3767,281.05,False,False,True
11.72,76.0,2019,0,3.2983,0.6549,5.2,731.0,0.3291,0.7495,2.5175,246.92,False,True,False
11.32,76.96,2013,0,3.0979,0.614,5.2,293.0,3.1455,0.8334,1.0749,316.01,False,False,True
11.96,77.52,2019,0,3.3949,0.7481,5.2,597.0,0.2194,0.7585,2.0761,338.1,False,False,True
9.4,76.24,2020,0,3.46,0.7585,5.2,0.0,0.0,0.3989,0.1099,310.34,False,False,True
9.32,76.96,2018,0,3.1842,0.6769,5.2,412.0,0.8065,0.6705,1.4668,316.8,False,False,True
10.68,76.8,2018,0,2.9168,0.5967,5.2,156.0,0.1742,0.6232,0.6237,288.67,False,False,True
10.04528,77.02339,2018,1,4.0439,0.9139,5.2,1414.0,0.9032,0.681,4.7669,350.44,False,True,False
9.96,76.64,2013,0,3.4482,0.7278,5.2,40.0,0.1097,0.4638,0.2416,278.53,False,False,True
10.06166,77.01448,2018,1,3.7186,0.8768,5.2,1498.0,0.2065,0.7199,5.0436,357.02,False,True,False
11.64,76.0,2021,0,3.5223,0.7643,5.2,734.0,0.0194,0.6118,2.5273,240.78,False,True,False
12.04,76.08,2022,0,3.4051,0.7446,5.2,854.0,0.0129,0.6447,2.9226,268.51,False,True,False
10.92,77.2,2015,0,3.1461,0.6303,5.2,416.0,0.0839,0.7208,1.48,320.17,False,False,True
11.20576,76.18455,2018,1,4.0879,0.8914,5.2,33.0,0.1549,0.4682,0.2186,276.65,False,False,True
10.15955,77.07557,2019,1,3.9571,0.9411,5.2,1957.0,1.4708,0.6334,6.5553,331.19,True,False,False
9.0,76.8,2012,0,3.1396,0.6197,5.2,49.0,0.129,0.3781,0.2713,297.08,False,False,True
11.22836,76.16934,2019,1,5.1367,1.0,5.2,13.0,0.9742,0.2032,0.1527,303.72,False,False,True
11.90832,75.8151,2019,1,4.7594,1.0,5.2,112.0,26.0329,0.6577,0.4788,288.66,False,False,True
11.89869,75.81659,2019,1,5.1525,0.9994,5.2,89.0,41.9625,0.273,0.403,259.28,False,False,True
10.92,77.44,2010,0,3.0549,0.6549,5.2,315.0,0.271,0.6271,1.1473,375.11,False,False,True
10.68,77.28,2015,0,3.1767,0.6505,5.2,345.0,0.2258,0.8405,1.2462,327.16,False,False,True
11.88,77.44,2020,0,3.5571,0.7132,5.2,504.0,0.4,0.7846,1.7698,339.98,False,False,True
11.20337,76.18659,2018,1,4.4058,1.0,5.2,37.0,11.7411,0.4877,0.2317,255.87,False,False,True
11.48924,76.0743,2009,1,3.8866,0.9115,5.2,1922.6,0.1019,0.79,6.442,261.95,True,False,False
10.07176,77.01682,2018,1,4.1886,1.0,5.2,1554.0,0.929,0.7079,5.228,331.54,True,False,False
11.86848,75.85656,2018,1,4.0843,0.9122,5.2,288.0,1.129,0.6947,1.0584,244.43,False,False,True
11.32,76.64,2011,0,3.4797,0.6986,5.2,2056.0,1.4579,0.1935,6.8814,321.72,True,False,False
9.90442,77.04103,2018,1,3.4485,0.838,5.2,901.0,1.3225,0.7687,3.0774,346.29,False,True,False
11.48,77.28,2023,0,3.2255,0.7127,5.2,238.0,3.4285,0.8129,0.8937,364.9,False,False,True
12.2,76.56,2020,0,3.2708,0.7178,5.2,722.0,0.1871,0.8525,2.4878,306.62,False,True,False
10.12,76.16,2022,0,2.9836,0.6623,5.2,0.0,0.0516,0.3727,0.1099,307.55,False,False,True
11.63133,76.10185,2024,1,4.1213,0.914,5.2,1860.2,0.3807,0.7406,6.2365,251.84,True,False,False
11.24,76.24,2019,0,3.6312,0.7472,5.2,35.0,0.8323,0.3648,0.2252,285.29,False,False,True
11.58335,76.06378,2019,1,5.2088,0.9684,5.2,1859.3,0.1123,0.6514,6.2336,273.26,True,False,False
9.29827,76.87596,2019,1,3.6412,0.899,5.2,123.0,0.7549,0.8225,0.515,343.25,False,False,True
10.6,76.8,2009,0,3.5909,0.7498,5.2,195.0,0.2516,0.877,0.7521,307.16,False,False,True
9.62428,77.00158,2021,1,3.6801,0.8324,5.2,1219.0,1.9929,0.5716,4.1247,334.37,False,True,False
11.44034,75.8866,2019,1,4.3678,1.0,5.2,54.0,34.029,0.2153,0.2877,262.61,False,False,True
10.6,76.72,2015,0,3.2885,0.7206,5.2,110.0,0.0194,0.7129,0.4722,283.88,False,False,True
12.28,76.48,2010,0,3.1735,0.6714,5.2,785.0,0.1355,0.7326,2.6953,316.89,False,True,False
11.32,77.44,2011,0,2.8643,0.5962,5.2,307.0,0.2516,0.8426,1.121,376.34,False,False,True
9.48,76.0,2020,0,3.3582,0.6692,5.2,0.0,0.0,0.3248,0.1099,282.88,False,False,True
11.96,76.96,2009,0,3.2531,0.6579,5.2,688.0,0.0065,0.8472,2.3758,296.69,False,True,False
9.61569,77.00101,2021,1,4.1279,0.98,5.2,1169.0,0.9935,0.74,3.96,330.99,False,True,False
10.12,76.88,2019,0,2.9326,0.6292,5.2,444.0,2.5663,0.7998,1.5722,299.25,False,False,True
11.43011,75.88697,2019,1,4.7753,1.0,5.2,45.0,0.1226,0.3001,0.2581,272.24,False,False,True
11.88042,75.83395,2018,1,5.4983,1.0,5.2,141.0,0.2516,0.8464,0.5743,263.7,False,False,True
10.065,77.015,2018,1,3.9977,0.9014,5.2,1528.0,0.0129,0.635,5.1424,347.31,True,False,False
9.32,76.48,2018,0,3.2787,0.7132,5.2,0.0,0.0387,0.4158,0.1099,291.57,False,False,True
9.72,76.72,2017,0,3.2719,0.6847,5.2,68.0,1.129,0.388,0.3338,331.05,False,False,True
12.04,77.04,2019,0,3.1016,0.6386,5.2,655.0,0.0645,0.6653,2.2671,311.77,False,True,False
11.16,76.72,2012,0,3.1104,0.6323,5.2,543.0,1.6384,0.8509,1.8983,319.07,False,False,True
11.24,77.28,2014,0,3.5814,0.7705,5.2,348.0,0.1613,0.8603,1.256,368.16,False,False,True
12.12,77.52,2023,0,3.4429,0.7054,5.2,611.0,1.632,0.6677,2.1222,371.85,False,True,False
10.05378,77.02089,2018,1,3.9746,0.8783,5.2,1597.0,0.4323,0.6613,5.3697,302.61,True,False,False
10.06531,77.01997,2018,1,3.4441,0.8433,5.2,1566.0,0.2323,0.7882,5.2676,315.63,True,False,False
10.52,77.04,2020,0,3.3323,0.693,5.2,333.0,0.2129,0.6615,1.2066,306.01,False,False,True
10.92,76.32,2021,0,3.1017,0.6747,5.2,101.0,0.2839,0.8092,0.4425,317.85,False,False,True
10.2,77.12,2019,0,3.3168,0.7249,5.2,1406.0,3.7948,0.7937,4.7406,314.77,False,True,False
10.68,76.16,2014,0,3.7842,0.7713,5.2,24.0,0.1097,0.436,0.1889,279.01,False,False,True
10.80854,76.64312,2018,1,4.6312,1.0,5.2,78.0,0.2968,0.2337,0.3668,325.34,False,False,True
10.14985,76.80421,2018,1,4.4879,1.0,5.2,124.0,1.2967,0.6317,0.5183,296.21,False,False,True
11.45,75.87,2021,1,4.933,0.9945,5.2,51.0,47.6935,0.3375,0.2779,238.3,False,False,True
10.10608,77.06386,2018,1,4.0791,1.0,5.2,1615.0,0.7355,0.6945,5.4289,323.75,True,False,False
11.3509,76.20659,2018,1,4.8304,1.0,5.2,164.0,6.3614,0.6837,0.65,300.06,False,False,True
10.92,77.6,2019,0,2.9752,0.6538,5.2,246.0,0.3936,0.6776,0.9201,344.72,False,False,True
10.84,77.36,2015,0,3.1626,0.6989,5.2,315.0,0.4258,0.6349,1.1473,328.02,False,False,True
9.94657,77.04052,2021,1,3.6135,0.8326,5.2,860.0,4.1095,0.7845,2.9423,323.0,False,True,False
10.92,76.8,2021,0,3.5582,0.7664,5.2,549.0,0.4452,0.673,1.918,304.21,False,False,True
9.89634,77.05078,2018,1,3.7865,0.9252,5.2,875.0,1.1548,0.6116,2.9917,326.97,False,True,False
11.0,77.44,2020,0,3.2184,0.7021,5.2,357.0,0.342,0.7885,1.2857,380.02,False,False,True
9.71194,76.95601,2018,1,3.3117,0.8333,5.2,987.0,0.2,0.708,3.3606,349.68,False,True,False
11.42889,75.89685,2019,1,5.1347,1.0,5.2,56.0,0.0516,0.4255,0.2943,259.5,False,False,True
11.87,75.85,2018,1,4.9249,1.0,5.2,282.0,1.0903,0.7987,1.0387,263.58,False,False,True
11.34436,76.1994,2018,1,4.5497,0.9654,5.2,258.0,5.7617,0.6848,0.9596,308.91,False,False,True
10.09629,77.07244,2013,1,3.5227,0.8092,5.2,1698.0,0.2,0.6514,5.7023,333.36,True,False,False
9.90064,77.04412,2018,1,4.0266,0.9294,5.2,867.0,1.1032,0.5732,2.9654,318.75,False,True,False
9.25513,76.91821,2018,1,3.873,0.8523,5.2,260.0,0.9548,0.7763,0.9662,347.61,False,False,True
9.63949,76.98611,2021,1,4.6584,1.0,5.2,1058.0,0.9548,0.5218,3.5944,349.97,False,True,False
11.9,75.82,2019,1,4.3417,0.9676,5.2,113.0,28.9106,0.6734,0.4821,278.88,False,False,True
10.84,76.4,2023,0,3.0311,0.6346,5.2,112.0,0.2968,0.6158,0.4788,317.5,False,False,True
9.24,77.28,2016,0,3.2672,0.6538,5.2,1281.0,0.7742,0.7822,4.3289,340.98,False,True,False
10.6,76.08,2020,0,3.3604,0.7297,5.2,15.0,0.0516,0.4718,0.1593,304.23,False,False,True
9.4,76.72,2015,0,3.2854,0.6755,5.2,110.0,0.4065,0.8932,0.4722,291.51,False,False,True
11.35841,76.19065,2018,1,4.379,1.0,5.2,321.0,5.359,0.6464,1.1671,284.51,False,False,True
9.16,76.56,2018,0,3.0509,0.6697,5.2,12.0,0.0516,0.3967,0.1494,328.25,False,False,True
11.86385,75.84931,2018,1,4.0509,0.903,5.2,372.0,1.6707,0.6804,1.3351,246.0,False,False,True
10.84,76.08,2018,0,3.3341,0.7357,5.2,7.0,0.3742,0.3222,0.1329,245.0,False,False,True
10.52,76.4,2018,0,3.7566,0.7623,5.2,71.0,0.1807,0.2618,0.3437,267.2,False,False,True
11.24,76.88,2019,0,3.3399,0.6939,5.2,346.0,0.4065,0.7688,1.2494,339.77,False,False,True
10.19501,77.10143,2018,1,4.3254,0.9992,5.2,1711.0,1.8318,0.5947,5.7451,350.62,True,False,False
12.44,76.8,2014,0,3.3387,0.7378,5.2,752.0,35.9021,0.6817,2.5866,340.35,False,True,False
11.48,76.96,2010,0,3.085,0.6794,5.2,1244.0,5.3398,0.5219,4.207,319.52,False,True,False
10.04,76.56,2015,0,3.2338,0.6929,5.2,52.0,0.0774,0.4316,0.2811,309.5,False,False,True
10.2,76.96,2023,0,3.1991,0.6975,5.2,982.0,0.5807,0.7411,3.3441,299.15,False,True,False
11.72,77.44,2017,0,3.6498,0.7371,5.2,718.0,0.7097,0.6597,2.4746,345.71,False,True,False
11.24,76.48,2010,0,3.7456,0.7804,5.2,2166.0,9.0601,0.1767,7.2437,272.62,True,False,False
11.24,76.8,2012,0,2.9942,0.6043,5.2,521.0,8.0506,0.8481,1.8258,303.37,False,False,True
11.96,77.28,2014,0,2.9898,0.6168,5.2,836.0,0.8581,0.7774,2.8633,365.27,False,True,False
10.52324,76.47911,2018,1,4.1533,1.0,5.2,94.0,0.0645,0.3378,0.4195,281.35,False,False,True
9.24,76.4,2018,0,3.4364,0.7391,5.2,0.0,0.0065,0.4396,0.1099,297.36,False,False,True
10.28,76.8,2010,0,3.1374,0.6973,5.2,880.0,0.7613,0.5303,3.0082,298.65,False,True,False
9.69477,76.97155,2018,1,3.6926,0.8415,5.2,875.0,0.9226,0.6518,2.9917,315.06,False,True,False
9.48,77.52,2021,0,3.1781,0.6784,5.2,213.0,7.9051,0.7085,0.8114,362.29,False,False,True
9.26325,76.91196,2018,1,4.128,1.0,5.2,149.0,0.2387,0.6147,0.6006,292.52,False,False,True
11.0,76.4,2019,0,3.0375,0.6277,5.2,89.0,0.8581,0.3203,0.403,314.16,False,False,True
11.19675,76.18355,2018,1,4.4994,0.9895,5.2,25.0,11.7943,0.3007,0.1922,264.17,False,False,True
10.12,77.04,2010,0,3.3733,0.7055,5.2,1787.0,2.5791,0.504,5.9954,339.66,True,False,False
10.2934,76.89807,2020,1,4.5235,1.0,5.2,1076.0,3.1198,0.6822,3.6537,300.08,False,True,False
11.96,77.44,2016,0,3.6566,0.754,5.2,442.0,1.2451,0.6351,1.5656,370.36,False,False,True
10.68,76.88,2017,0,3.1862,0.6611,5.2,210.0,0.2194,0.6054,0.8015,324.95,False,False,True
9.8,77.36,2014,0,2.9785,0.6178,5.2,383.0,0.0452,0.7219,1.3713,343.06,False,False,True
10.50067,76.50369,2018,1,3.7401,0.9014,5.2,215.0,0.6258,0.6196,0.818,270.66,False,False,True
12.28,77.44,2020,0,3.455,0.7118,5.2,378.0,1.1612,0.6971,1.3548,374.71,False,False,True
10.76,76.24,2022,0,3.5984,0.773,5.2,29.0,0.0645,0.3462,0.2054,280.48,False,False,True
10.29838,76.90573,2020,1,4.4546,0.9775,5.2,1072.0,3.0941,0.5266,3.6406,349.03,False,True,False
10.2,77.44,2021,0,2.9304,0.6078,5.2,2393.0,7.658,0.1397,7.9913,349.15,True,False,False
12.04,76.24,2021,0,3.8469,0.7873,5.2,733.0,0.1742,0.603,2.524,283.71,False,True,False
11.38164,75.91629,2018,1,4.3027,0.9772,5.2,63.0,0.1161,0.4328,0.3174,269.24,False,False,True
11.56,77.28,2013,0,3.1389,0.6194,5.2,770.0,0.4258,0.7992,2.6459,365.84,False,True,False
11.88,75.84,2018,1,5.0493,0.99,5.2,146.0,0.2839,0.7347,0.5907,245.48,False,False,True
11.08,76.24,2023,0,3.1181,0.6229,5.2,46.0,0.071,0.4734,0.2614,254.93,False,False,True
11.72,76.64,2012,0,3.4487,0.7591,5.2,873.0,0.0968,0.5179,2.9851,282.2,False,True,False
10.85459,76.60049,2018,1,4.9723,0.9725,5.2,132.0,0.2387,0.6338,0.5446,291.67,False,False,True
9.6418,76.98529,2021,1,3.97,0.8984,5.2,933.0,0.1484,0.61,3.1828,327.36,False,True,False
10.92,76.88,2018,0,3.3754,0.7328,5.2,635.0,1.2451,0.8527,2.2013,329.72,False,True,False
9.24,76.16,2022,0,2.8974,0.6279,5.2,0.0,0.0,0.4957,0.1099,280.1,False,False,True
12.36,76.48,2022,0,3.3616,0.7078,5.2,806.0,0.3613,0.6686,2.7645,310.9,False,True,False
9.79611,76.98023,2019,1,3.8874,0.8754,5.2,986.0,0.9548,0.7435,3.3573,304.1,False,True,False
10.50868,76.49411,2018,1,4.1349,0.9565,5.2,421.0,2.0445,0.7942,1.4965,323.88,False,False,True
10.51149,76.48668,2018,1,3.9523,0.9426,5.2,230.0,0.8129,0.8479,0.8674,324.19,False,False,True
10.15176,77.0753,2019,1,3.2434,0.7201,5.2,1799.0,0.4516,0.7925,6.035,356.38,True,False,False
9.72,77.12,2019,0,3.0154,0.5993,5.2,1170.0,2.1798,0.6698,3.9633,312.64,False,True,False
11.24,77.44,2011,0,2.8622,0.5699,5.2,296.0,0.071,0.89,1.0848,345.87,False,False,True
10.15356,76.79118,2018,1,4.1579,0.9298,5.2,116.0,1.3483,0.8553,0.4919,317.91,False,False,True
10.80651,76.63961,2018,1,4.2592,0.9405,5.2,87.0,0.2387,0.2226,0.3964,276.4,False,False,True
12.44,76.24,2015,0,3.894,0.8009,5.2,826.0,36.6392,0.5573,2.8303,266.07,False,True,False
11.0,77.6,2017,0,2.7986,0.6027,5.2,307.0,0.3355,0.8958,1.121,332.63,False,False,True
9.0,76.0,2023,0,3.5791,0.7647,5.2,0.0,0.0,0.2635,0.1099,295.39,False,False,True
10.84,77.44,2015,0,2.827,0.6075,5.2,304.0,0.071,0.891,1.1111,371.4,False,False,True
9.16,76.0,2012,0,3.6414,0.7313,5.2,0.0,0.0,0.393,0.1099,249.73,False,False,True
9.24,77.2,2011,0,3.0221,0.6709,5.2,1176.0,0.4,0.7809,3.9831,322.01,False,True,False
9.24,77.6,2017,0,2.6646,0.5257,5.2,123.0,0.0323,0.6759,0.515,335.81,False,False,True
9.88,76.32,2015,0,2.9446,0.5823,5.2,0.0,0.0323,0.2856,0.1099,270.87,False,False,True
10.76,76.48,2015,0,3.6138,0.7582,5.2,49.0,0.4258,0.3739,0.2713,298.72,False,False,True
10.68,77.36,2009,0,3.0897,0.6705,5.2,348.0,0.3549,0.7399,1.256,366.28,False,False,True
9.32,76.72,2023,0,3.4825,0.7455,5.2,49.0,0.3936,0.388,0.2713,294.19,False,False,True
10.44,76.96,2010,0,3.1788,0.6593,5.2,795.0,3.3835,0.7382,2.7282,302.29,False,True,False
11.22,76.17,2019,1,4.5805,1.0,5.2,1690.7,9.7552,0.7673,5.6783,262.63,True,False,False
9.62413,76.98871,2021,1,3.2473,0.7153,5.2,1422.0,3.2999,0.6381,4.7933,331.56,False,True,False
10.52,77.52,2020,0,3.071,0.6212,5.2,312.0,0.2129,0.7058,1.1375,361.9,False,False,True
10.06868,77.00723,2018,1,3.6105,0.9016,5.2,1531.0,0.0194,0.7932,5.1523,351.0,True,False,False
9.48,77.04,2023,0,3.3413,0.7135,5.2,425.0,4.7893,0.8126,1.5096,299.06,False,False,True
11.58,76.065,2019,1,4.7206,0.9793,5.2,1866.7,0.16,0.6232,6.2579,291.3,True,False,False
11.0,76.88,2009,0,3.1178,0.6548,5.2,442.0,0.4646,0.712,1.5656,342.88,False,False,True
10.09,77.07,2013,1,3.5597,0.8366,5.2,1530.0,1.2838,0.7316,5.149,344.4,True,False,False
12.04,77.28,2023,0,3.5209,0.7594,5.2,703.0,0.1484,0.7116,2.4252,314.65,False,True,False
10.6,76.96,2020,0,3.3898,0.724,5.2,256.0,0.0968,0.6809,0.953,327.62,False,False,True
9.96,77.6,2020,0,2.7963,0.5526,5.2,318.0,0.3742,0.7868,1.1572,380.98,False,False,True
11.32,77.6,2018,0,3.4627,0.7269,5.2,266.0,0.3742,0.7573,0.986,389.13,False,False,True
9.8,76.88,2016,0,3.0494,0.6635,5.2,692.0,2.8431,0.6297,2.389,307.7,False,True,False
10.36,76.64,2016,0,3.2954,0.672,5.2,484.0,3.9361,0.8444,1.704,312.47,False,False,True
11.215,76.175,2019,1,4.8856,0.9817,5.2,1834.5,10.6539,0.5066,6.1519,294.57,True,False,False
11.48,77.44,2017,0,2.9538,0.6033,5.2,211.0,0.2903,0.7555,0.8048,332.79,False,False,True
9.63,76.99,2021,1,3.6611,0.8958,5.2,1211.0,1.9414,0.5091,4.0984,320.66,False,True,False
11.0,76.56,2022,0,3.3614,0.7319,5.2,192.0,2.7852,0.8319,0.7422,280.93,False,False,True
9.16,77.44,2017,0,2.743,0.5859,5.2,180.0,0.0839,0.8975,0.7027,327.24,False,False,True
10.68,76.0,2013,0,3.679,0.8034,5.2,-3.0,0.1161,0.4998,0.1,247.16,False,False,True
10.15,76.8,2018,1,3.4175,0.8087,5.2,173.0,0.9806,0.8888,0.6797,287.06,False,False,True
11.64,77.44,2020,0,3.1043,0.618,5.2,1113.0,2.547,0.708,3.7756,328.38,False,True,False
9.88,77.36,2023,0,2.8959,0.5992,5.2,376.0,0.1871,0.6993,1.3483,348.52,False,False,True
9.91468,77.03899,2018,1,4.0043,0.988,5.2,547.0,0.9613,0.7044,1.9114,299.21,False,False,True
10.51985,76.47599,2018,1,3.9519,0.9428,5.2,174.0,0.4516,0.6935,0.683,287.51,False,False,True
11.24,76.08,2022,0,3.9223,0.8428,5.2,21.0,0.9548,0.4785,0.179,247.71,False,False,True
10.54343,76.45979,2019,1,4.0825,0.8909,5.2,81.0,0.0903,0.3434,0.3767,311.87,False,False,True
11.48,76.08,2010,0,3.2222,0.6358,5.2,1208.0,4.2892,0.5729,4.0885,288.66,False,True,False
11.24,76.16,2016,0,3.3077,0.6947,5.2,25.0,0.8968,0.2197,0.1922,305.25,False,False,True
10.19054,77.10318,2018,1,3.1966,0.7598,5.2,1700.0,1.9027,0.6159,5.7089,360.0,True,False,False
11.63323,76.09646,2024,1,5.1307,0.9645,5.2,1816.6,0.0994,0.6928,6.0929,297.6,True,False,False
10.84,77.2,2016,0,3.2103,0.645,5.2,365.0,0.3291,0.778,1.312,338.81,False,False,True
10.6,77.36,2023,0,3.3326,0.6819,5.2,317.0,0.2,0.8016,1.1539,349.36,False,False,True
11.08,77.04,2016,0,3.4612,0.7097,5.2,400.0,0.0387,0.6285,1.4273,334.01,False,False,True
11.56,77.36,2021,0,3.1369,0.6588,5.2,350.0,4.8021,0.7015,1.2626,347.59,False,False,True
10.84,76.0,2019,0,3.1008,0.6249,5.2,24.0,0.0903,0.3467,0.1889,284.78,False,False,True
12.04,77.2,2014,0,3.5698,0.7542,5.2,911.0,1.5739,0.5392,3.1103,355.69,False,True,False
10.36,77.04,2023,0,3.391,0.72,5.2,1738.0,5.0711,0.6183,5.834,320.54,True,False,False
11.72,76.08,2017,0,3.6375,0.7448,5.2,756.0,0.1097,0.6989,2.5998,250.92,False,True,False
11.21569,76.18105,2019,1,4.2674,1.0,5.2,1803.4,10.46,0.6403,6.0494,277.74,True,False,False
11.0,76.64,2012,0,3.087,0.6513,5.2,793.0,0.7871,0.841,2.7217,317.44,False,True,False
9.32,77.36,2010,0,3.1233,0.6442,5.2,254.0,3.0426,0.6051,0.9464,346.8,False,False,True
11.24,76.32,2022,0,3.2641,0.6922,5.2,44.0,0.0839,0.3773,0.2548,294.89,False,False,True
11.88116,75.84499,2018,1,5.5088,1.0,5.2,118.0,0.0387,0.6119,0.4985,248.06,False,False,True
9.08,77.44,2019,0,2.8589,0.6081,5.2,171.0,0.0581,0.8387,0.6731,337.96,False,False,True
11.65083,76.08592,2019,1,4.8593,1.0,5.2,1880.2,7.2152,0.6746,6.3024,255.53,True,False,False
11.57188,76.0691,2019,1,4.455,1.0,5.2,1828.6,0.0858,0.6994,6.1324,249.01,True,False,False
9.64,77.04,2015,0,2.754,0.5757,5.2,842.0,0.542,0.7154,2.883,336.99,False,True,False
9.905,77.045,2018,1,4.3163,0.9819,5.2,839.0,0.9226,0.6183,2.8732,343.15,False,True,False
9.95085,77.02395,2021,1,3.8595,0.8816,5.2,841.0,4.2314,0.5261,2.8797,307.86,False,True,False
11.56314,76.07164,2019,1,4.7878,0.9728,5.2,1914.1,0.4658,0.5172,6.414,275.51,True,False,False
12.04,77.36,2023,0,3.2733,0.7114,5.2,654.0,0.342,0.6078,2.2639,376.03,False,True,False
10.3,76.9,2020,1,3.4747,0.7792,5.2,1069.0,3.0748,0.7044,3.6307,312.62,False,True,False
10.12,76.0,2014,0,3.1836,0.6418,5.2,0.0,0.0,0.245,0.1099,259.53,False,False,True
9.64,76.32,2022,0,3.4168,0.6887,5.2,9.0,0.0129,0.4287,0.1395,258.02,False,False,True
10.50348,76.49984,2018,1,3.8548,0.8423,5.2,428.0,2.1605,0.7951,1.5195,318.67,False,False,True
9.80347,76.9806,2019,1,4.0444,0.9957,5.2,979.0,0.9097,0.5675,3.3343,324.66,False,True,False
11.89875,75.82414,2019,1,4.8543,1.0,5.2,118.0,37.7652,0.8631,0.4985,266.34,False,False,True
12.36,76.16,2013,0,4.0284,0.8194,5.2,856.0,0.1678,0.7091,2.9291,279.97,False,True,False
10.53047,76.47448,2018,1,4.8096,0.9737,5.2,93.0,0.071,0.3923,0.4162,321.38,False,False,True
9.64,76.48,2011,0,3.1341,0.6649,5.2,4.0,0.0387,0.2026,0.1231,271.75,False,False,True
10.6,77.04,2022,0,3.3149,0.7095,5.2,300.0,0.2129,0.8107,1.0979,342.22,False,False,True
9.95563,77.03027,2021,1,3.6581,0.9401,5.2,661.0,5.3846,0.7005,2.2869,326.58,False,True,False
11.5931,76.11843,2018,1,4.3679,0.9961,5.2,1946.0,0.6716,0.5612,6.5191,255.78,True,False,False
10.16551,76.78934,2018,1,4.7066,0.9807,5.2,53.0,1.3096,0.4243,0.2844,322.64,False,False,True
9.08,76.8,2016,0,3.047,0.6422,5.2,29.0,0.3484,0.403,0.2054,317.04,False,False,True
11.36043,76.19804,2018,1,4.5848,0.9618,5.2,378.0,4.9942,0.6248,1.3548,260.8,False,False,True
9.96,77.52,2014,0,3.3641,0.6893,5.2,322.0,0.1549,0.6135,1.1704,357.94,False,False,True
10.6,76.48,2009,0,3.6532,0.8008,5.2,67.0,0.0452,0.2588,0.3305,284.11,False,False,True
11.48,76.72,2017,0,3.5872,0.7457,5.2,1816.0,5.8958,0.6953,6.0909,290.0,True,False,False
9.64,77.28,2018,0,2.9644,0.6444,5.2,465.0,0.271,0.6699,1.6414,364.5,False,False,True
11.59926,76.11503,2018,1,3.7831,0.9354,5.2,1876.4,0.2226,0.6673,6.2899,267.21,True,False,False
11.48,76.0,2013,0,3.3585,0.7306,5.2,57.0,6.3742,0.3526,0.2976,249.84,False,False,True
11.62417,76.09747,2024,1,4.0103,0.9158,5.2,1878.6,0.1568,0.5979,6.2971,252.28,True,False,False
10.07685,77.01341,2018,1,3.3343,0.8313,5.2,1591.0,0.1549,0.66,5.3499,306.85,True,False,False
11.65,76.09,2019,1,5.1836,0.9776,5.2,1902.9,7.3593,0.5115,6.3772,298.98,True,False,False
9.64,76.0,2014,0,3.2253,0.7091,5.2,0.0,0.0,0.4879,0.1099,266.67,False,False,True
10.50383,76.48946,2018,1,4.7267,1.0,5.2,451.0,2.3086,0.8947,1.5953,285.72,False,False,True
10.09549,77.06334,2018,1,3.5329,0.8091,5.2,1553.0,1.1354,0.6533,5.2247,318.83,True,False,False
11.08,77.12,2022,0,3.6517,0.7879,5.2,375.0,0.0774,0.7632,1.345,307.33,False,False,True
10.19959,77.10546,2018,1,3.4315,0.808,5.2,1808.0,1.2064,0.5148,6.0646,360.7,True,False,False
11.16,76.24,2023,0,3.85,0.8027,5.2,49.0,0.0903,0.3012,0.2713,255.8,False,False,True
11.48432,76.06825,2009,1,5.1913,0.9763,5.2,1904.5,0.351,0.6158,6.3824,251.94,True,False,False
10.7948,76.64852,2018,1,4.2703,0.9606,5.2,84.0,0.2581,0.2313,0.3865,279.3,False,False,True
10.44,76.32,2011,0,3.2381,0.641,5.2,29.0,0.4323,0.4382,0.2054,288.76,False,False,True
11.96,76.16,2014,0,3.6808,0.7566,5.2,785.0,0.2,0.8058,2.6953,249.51,False,True,False
9.56,76.64,2009,0,3.268,0.6584,5.2,61.0,0.1549,0.3813,0.3108,316.11,False,False,True
11.435,75.885,2019,1,5.3492,1.0,5.2,104.0,28.9386,0.6824,0.4524,245.51,False,False,True
12.04,76.88,2015,0,3.1945,0.6655,5.2,723.0,0.1871,0.6897,2.4911,342.6,False,True,False
9.62841,76.99661,2021,1,3.4167,0.8165,5.2,1360.0,2.901,0.5377,4.5891,312.57,False,True,False
10.68,77.04,2018,0,2.8678,0.6396,5.2,333.0,0.1484,0.7231,1.2066,308.51,False,False,True
10.15457,76.80127,2018,1,4.6281,1.0,5.2,99.0,1.4579,0.3885,0.4359,314.93,False,False,True
9.2,76.95,2020,1,3.84,0.8281,5.2,166.0,0.1097,0.7057,0.6566,324.65,False,False,True
9.4,76.88,2014,0,3.1826,0.6591,5.2,240.0,0.8968,0.6491,0.9003,313.9,False,False,True
9.08,77.6,2020,0,3.0093,0.6103,5.2,139.0,0.0129,0.6391,0.5677,370.28,False,False,True
12.36,77.2,2020,0,3.7886,0.7894,5.2,576.0,0.2065,0.7707,2.007,334.7,False,False,True
9.69857,76.96605,2018,1,4.5908,0.9876,5.2,829.0,1.2193,0.7575,2.8402,320.42,False,True,False
9.9102,77.04586,2018,1,4.7588,0.9666,5.2,634.0,0.4,0.8601,2.198,324.41,False,True,False
10.05674,77.02578,2018,1,4.0325,0.9551,5.2,1483.0,0.3033,0.6495,4.9942,311.64,False,True,False
9.72,76.24,2020,0,3.1403,0.6218,5.2,0.0,0.0,0.2775,0.1099,290.85,False,False,True
10.6,76.56,2018,0,3.1185,0.6156,5.2,69.0,0.1161,0.4831,0.3371,285.85,False,False,True
11.87308,75.84929,2018,1,4.4195,0.964,5.2,180.0,0.4323,0.8146,0.7027,231.54,False,False,True
9.72,77.2,2023,0,2.9939,0.653,5.2,1086.0,1.0451,0.775,3.6867,366.2,False,True,False
10.18361,76.77925,2019,1,4.0708,0.9341,5.2,335.0,3.5121,0.8874,1.2132,309.8,False,False,True
11.0,76.8,2022,0,3.3676,0.7239,5.2,480.0,2.4375,0.71,1.6908,324.04,False,False,True
10.12,77.44,2014,0,2.7684,0.6032,5.2,766.0,10.3826,0.8053,2.6327,345.27,False,True,False
11.21,76.18,2019,1,4.701,0.986,5.2,36.0,0.071,0.468,0.2284,264.05,False,False,True
9.32,76.16,2018,0,3.2097,0.68,5.2,0.0,0.0,0.4737,0.1099,295.23,False,False,True
10.51948,76.47494,2018,1,4.6206,0.9846,5.2,211.0,0.6904,0.7407,0.8048,301.5,False,False,True
11.6395,76.1018,2024,1,3.5734,0.8201,5.2,1876.6,7.1923,0.5848,6.2905,277.94,True,False,False
10.68,76.56,2020,0,3.3737,0.6867,5.2,87.0,0.1226,0.3128,0.3964,295.78,False,False,True
9.4,76.96,2013,0,2.7301,0.5931,5.2,287.0,0.3936,0.6898,1.0551,316.99,False,False,True
11.88,76.08,2009,0,3.8391,0.8027,5.2,729.0,0.8903,0.7589,2.5109,274.14,False,True,False
11.595,76.08,2018,1,3.675,0.8845,5.2,1868.7,0.1729,0.782,6.2645,266.86,True,False,False
9.91,77.04,2018,1,4.5874,1.0,5.2,716.0,0.129,0.6743,2.4681,301.62,False,True,False
11.57539,76.06469,2019,1,4.8119,0.9733,5.2,1986.6,0.9336,0.7103,6.6528,289.02,True,False,False
10.28,77.28,2013,0,3.1955,0.6588,5.2,640.0,0.5613,0.6707,2.2177,350.69,False,True,False
10.28,77.12,2009,0,3.1724,0.664,5.2,1995.0,0.4968,0.5701,6.6805,307.51,True,False,False
11.84368,75.86067,2021,1,4.6846,0.9628,5.2,803.0,3.3578,0.7531,2.7546,267.37,False,True,False
9.30356,76.87118,2019,1,3.6325,0.8581,5.2,101.0,0.8968,0.6618,0.4425,345.6,False,False,True
10.79053,76.66396,2019,1,4.6072,1.0,5.2,88.0,0.0516,0.4792,0.3997,280.99,False,False,True
11.22914,76.16315,2019,1,4.4375,1.0,5.2,1882.6,10.9534,0.7161,6.3103,270.51,True,False,False
10.79891,76.64569,2018,1,3.6009,0.8332,5.2,81.0,0.2774,0.4631,0.3767,322.12,False,False,True
9.64,76.8,2016,0,3.3062,0.7003,5.2,115.0,0.9097,0.7554,0.4886,306.3,False,False,True
11.88,77.2,2010,0,3.1554,0.6282,5.2,1657.0,2.7787,0.5961,5.5673,319.39,True,False,False
10.81,76.64,2018,1,4.5401,1.0,5.2,84.0,0.2581,0.4485,0.3865,304.43,False,False,True
12.12,76.96,2023,0,3.5324,0.7607,5.2,655.0,0.0258,0.8397,2.2671,336.72,False,True,False
9.63594,76.99121,2021,1,3.8011,0.8251,5.2,1057.0,0.9484,0.7531,3.5911,322.69,False,True,False
11.62545,76.10656,2024,1,3.5971,0.8096,5.2,1951.3,0.3123,0.5656,6.5366,289.52,True,False,False
11.385,75.915,2018,1,4.5072,1.0,5.2,23.0,0.1419,0.4123,0.1856,238.13,False,False,True
12.28,76.96,2020,0,3.2703,0.6721,5.2,666.0,0.1032,0.8139,2.3034,322.11,False,True,False
10.51622,76.48099,2018,1,3.4902,0.8169,5.2,238.0,0.8645,0.6165,0.8937,272.06,False,False,True
9.70329,76.97129,2018,1,3.2598,0.7728,5.2,974.0,0.2839,0.5939,3.3178,310.57,False,True,False
10.04651,77.03096,2018,1,4.2428,0.9038,5.2,1441.0,0.7291,0.6546,4.8559,336.16,False,True,False
10.36,76.32,2012,0,3.3928,0.6736,5.2,23.0,0.0387,0.4101,0.1856,274.07,False,False,True
11.16,77.12,2021,0,3.4153,0.71,5.2,363.0,0.0645,0.8924,1.3054,336.68,False,False,True
9.08,76.96,2010,0,3.148,0.6968,5.2,79.0,0.5613,0.2565,0.3701,318.6,False,False,True
10.68,76.64,2023,0,3.1547,0.6823,5.2,88.0,0.1032,0.4269,0.3997,299.62,False,False,True
10.18619,76.7686,2019,1,3.8256,0.9741,5.2,241.0,2.0058,0.8745,0.9036,288.69,False,False,True
9.32,76.32,2017,0,3.5498,0.7232,5.2,0.0,0.0,0.4163,0.1099,288.09,False,False,True
9.56,76.88,2022,0,3.0394,0.6021,5.2,294.0,0.0903,0.6433,1.0782,338.24,False,False,True
11.16,77.44,2014,0,3.2022,0.6835,5.2,307.0,0.071,0.6292,1.121,355.67,False,False,True
9.631,76.99623,2021,1,3.7772,0.9372,5.2,1241.0,2.1347,0.5653,4.1972,300.34,False,True,False
11.24,76.56,2017,0,3.6253,0.794,5.2,2389.0,0.2323,0.2094,7.9781,317.59,True,False,False
9.32,76.64,2011,0,3.4038,0.7137,5.2,8.0,0.0323,0.3126,0.1362,322.27,False,False,True
10.2,77.04,2014,0,3.4039,0.7382,5.2,1637.0,1.4385,0.7453,5.5014,341.35,True,False,False
10.12,76.96,2014,0,3.3821,0.7131,5.2,670.0,2.0123,0.8468,2.3166,347.7,False,True,False
10.10016,77.06055,2018,1,4.3169,0.9699,5.2,1556.0,1.1161,0.7901,5.2346,316.79,True,False,False
9.24,76.48,2022,0,3.2401,0.6891,5.2,11.0,0.071,0.2321,0.1461,310.79,False,False,True
11.4,76.56,2022,0,3.2776,0.7263,5.2,2094.0,1.4772,0.1088,7.0065,296.97,True,False,False
10.18,76.78,2019,1,3.9791,0.9965,5.2,325.0,3.5763,0.6942,1.1803,329.78,False,False,True
10.2,76.48,2013,0,3.6717,0.7445,5.2,26.0,1.5675,0.2472,0.1955,282.25,False,False,True
9.96,76.72,2013,0,3.1372,0.6947,5.2,85.0,0.271,0.4897,0.3898,310.28,False,False,True
11.49604,76.07825,2009,1,4.4383,0.9966,5.2,1875.5,0.3968,0.5206,6.2869,298.01,True,False,False
10.16158,76.78615,2018,1,4.6054,0.9837,5.2,69.0,2.6822,0.3921,0.3371,304.36,False,False,True
9.88,77.52,2012,0,3.3443,0.7,5.2,537.0,1.387,0.8964,1.8785,349.28,False,False,True
10.6,76.88,2023,0,3.0477,0.6443,5.2,245.0,0.2258,0.7634,0.9168,319.85,False,False,True
10.76,76.56,2017,0,3.3889,0.6957,5.2,68.0,0.3613,0.3621,0.3338,320.14,False,False,True
9.62002,76.99631,2021,1,4.0906,1.0,5.2,1180.0,0.9806,0.5869,3.9963,350.62,False,True,False
11.62126,76.1098,2024,1,5.1523,0.9682,5.2,1765.2,0.8884,0.5175,5.9236,287.75,True,False,False
11.38079,75.92514,2018,1,5.3305,0.9609,5.2,57.0,0.0774,0.4783,0.2976,260.51,False,False,True
9.19944,76.94651,2020,1,3.4066,0.8294,5.2,190.0,0.2645,0.8576,0.7357,329.3,False,False,True
10.05,77.025,2018,1,4.0406,1.0,5.2,1647.0,0.3613,0.756,5.5343,356.16,True,False,False
9.71334,76.96195,2018,1,3.9209,0.8802,5.2,989.0,0.1871,0.5029,3.3672,313.41,False,True,False
11.64,77.2,2016,0,2.9604,0.6325,5.2,1112.0,1.0451,0.5264,3.7723,321.51,False,True,False
10.1109,77.0639,2018,1,3.7808,0.8887,5.2,1640.0,0.5742,0.759,5.5113,318.62,True,False,False
10.52,76.48,2018,1,4.6339,1.0,5.2,146.0,0.271,0.8104,0.5907,281.44,False,False,True
10.84,76.32,2022,0,3.7292,0.7471,5.2,56.0,0.2903,0.2427,0.2943,300.86,False,False,True
11.87942,75.84695,2018,1,4.8506,0.9779,5.2,118.0,0.1032,0.8012,0.4985,276.25,False,False,True
9.8,76.4,2023,0,3.0399,0.6329,5.2,4.0,0.0129,0.4857,0.1231,312.48,False,False,True
10.80508,76.65109,2018,1,3.9572,0.8735,5.2,81.0,0.2774,0.3949,0.3767,277.83,False,False,True
11.88,76.4,2020,0,3.6097,0.7877,5.2,780.0,0.4775,0.6097,2.6788,304.38,False,True,False
11.41911,75.89875,2019,1,4.3841,0.9875,5.2,48.0,0.0323,0.3512,0.268,251.82,False,False,True
11.8,76.56,2023,0,3.7098,0.7665,5.2,982.0,0.2,0.6308,3.3441,283.87,False,True,False
9.95,77.03,2021,1,3.433,0.8021,5.2,696.0,5.1607,0.7319,2.4022,354.56,False,True,False
11.24,76.96,2016,0,3.465,0.7043,5.2,367.0,0.4775,0.8287,1.3186,298.34,False,False,True
11.16,77.2,2013,0,2.9996,0.6519,5.2,338.0,0.1549,0.8528,1.2231,360.47,False,False,True
11.21395,76.17091,2019,1,4.4583,0.975,5.2,1866.2,10.2652,0.6818,6.2563,298.69,True,False,False
10.49659,76.4999,2018,1,4.4129,0.9945,5.2,356.0,1.69,0.8927,1.2824,314.39,False,False,True
11.21445,76.17189,2019,1,4.4177,1.0,5.2,1760.5,10.1921,0.7129,5.9082,297.86,True,False,False
9.20066,76.95509,2020,1,4.0269,0.98,5.2,191.0,0.271,0.8029,0.7389,301.58,False,False,True
11.455,75.865,2021,1,4.5225,0.9887,5.2,59.0,34.7851,0.3305,0.3042,251.44,False,False,True
10.19869,77.09474,2018,1,3.6506,0.8952,5.2,2187.0,4.975,0.3209,7.3128,330.51,True,False,False
10.15893,76.7966,2018,1,3.6174,0.8935,5.2,58.0,1.7867,0.3855,0.3009,322.2,False,False,True
11.3566,76.20053,2018,1,4.1981,0.9799,5.2,210.0,6.0681,0.7739,0.8015,256.66,False,False,True
11.32,76.4,2017,0,3.3685,0.6964,5.2,417.0,0.8839,0.7051,1.4833,265.45,False,False,True
11.618,76.108,2024,1,4.0604,0.994,5.2,1949.1,0.149,0.5685,6.5293,294.54,True,False,False
10.04,77.04,2017,0,3.3006,0.6525,5.2,1137.0,2.7659,0.7477,3.8546,322.67,False,True,False
11.62672,76.11123,2018,1,4.6541,0.99,5.2,1817.3,0.04,0.5915,6.0952,261.45,True,False,False
11.21316,76.18036,2019,1,4.3984,0.9753,5.2,33.0,1.4514,0.3299,0.2186,292.68,False,False,True
9.705,76.965,2018,1,3.5933,0.8316,5.2,954.0,0.4129,0.7535,3.2519,305.85,False,True,False
11.32,76.56,2018,0,3.2413,0.6973,5.2,2425.0,2.1347,0.3174,8.0967,304.75,True,False,False
9.255,76.915,2018,1,3.9377,0.961,5.2,191.0,0.5097,0.6565,0.7389,315.16,False,False,True
11.22553,76.16314,2019,1,4.8151,1.0,5.2,78.0,0.5549,0.4351,0.3668,288.86,False,False,True
